{
"meta":{"test_sets":[],"test_metrics":[],"learn_metrics":[{"best_value":"Min","name":"Logloss"}],"launch_mode":"Train","parameters":"","iteration_count":1000,"learn_sets":["learn"],"name":"experiment"},
"iterations":[
{"learn":[0.2598698445],"iteration":0,"passed_time":0.002239970162,"remaining_time":2.237730192},
{"learn":[0.1750361233],"iteration":1,"passed_time":0.004886976569,"remaining_time":2.438601308},
{"learn":[0.1496623138],"iteration":2,"passed_time":0.007719105511,"remaining_time":2.565316065},
{"learn":[0.127186126],"iteration":3,"passed_time":0.009750161789,"remaining_time":2.427790286},
{"learn":[0.1193937167],"iteration":4,"passed_time":0.01194817418,"remaining_time":2.377686661},
{"learn":[0.111104827],"iteration":5,"passed_time":0.01465780475,"remaining_time":2.428309654},
{"learn":[0.1042729805],"iteration":6,"passed_time":0.0167182773,"remaining_time":2.371607052},
{"learn":[0.0985265709],"iteration":7,"passed_time":0.01873608376,"remaining_time":2.323274386},
{"learn":[0.09375141041],"iteration":8,"passed_time":0.02081384775,"remaining_time":2.291835902},
{"learn":[0.08910991517],"iteration":9,"passed_time":0.02284202907,"remaining_time":2.261360877},
{"learn":[0.08538668806],"iteration":10,"passed_time":0.02502941659,"remaining_time":2.250372092},
{"learn":[0.07915068744],"iteration":11,"passed_time":0.02703759818,"remaining_time":2.226095583},
{"learn":[0.07420112964],"iteration":12,"passed_time":0.02904332146,"remaining_time":2.205058329},
{"learn":[0.0680377793],"iteration":13,"passed_time":0.03110887728,"remaining_time":2.190953786},
{"learn":[0.06368378299],"iteration":14,"passed_time":0.03306380957,"remaining_time":2.171190162},
{"learn":[0.06159806159],"iteration":15,"passed_time":0.03509415753,"remaining_time":2.158290688},
{"learn":[0.05879295368],"iteration":16,"passed_time":0.0371833797,"remaining_time":2.15007425},
{"learn":[0.05697599291],"iteration":17,"passed_time":0.0393003515,"remaining_time":2.144052509},
{"learn":[0.05599419037],"iteration":18,"passed_time":0.04128157511,"remaining_time":2.131432904},
{"learn":[0.054152874],"iteration":19,"passed_time":0.04340425516,"remaining_time":2.126808503},
{"learn":[0.0528055385],"iteration":20,"passed_time":0.04548256081,"remaining_time":2.120353668},
{"learn":[0.05153693688],"iteration":21,"passed_time":0.04755507487,"remaining_time":2.114039238},
{"learn":[0.04876924411],"iteration":22,"passed_time":0.04959308939,"remaining_time":2.106628189},
{"learn":[0.04661200279],"iteration":23,"passed_time":0.05165314529,"remaining_time":2.100561242},
{"learn":[0.04532447503],"iteration":24,"passed_time":0.05380107501,"remaining_time":2.098241925},
{"learn":[0.04389106302],"iteration":25,"passed_time":0.05594146316,"remaining_time":2.095653274},
{"learn":[0.04228704856],"iteration":26,"passed_time":0.05796501954,"remaining_time":2.088887556},
{"learn":[0.04124050031],"iteration":27,"passed_time":0.0601173242,"remaining_time":2.086929969},
{"learn":[0.04051374875],"iteration":28,"passed_time":0.06213429734,"remaining_time":2.08042768},
{"learn":[0.04005429764],"iteration":29,"passed_time":0.06411797925,"remaining_time":2.073147996},
{"learn":[0.03908706537],"iteration":30,"passed_time":0.06612561917,"remaining_time":2.06695887},
{"learn":[0.03857931727],"iteration":31,"passed_time":0.06839513061,"remaining_time":2.068952701},
{"learn":[0.03765359874],"iteration":32,"passed_time":0.07058847639,"remaining_time":2.068456263},
{"learn":[0.0371007251],"iteration":33,"passed_time":0.07274886428,"remaining_time":2.066923615},
{"learn":[0.03656026216],"iteration":34,"passed_time":0.0752923304,"remaining_time":2.07591711},
{"learn":[0.03579201268],"iteration":35,"passed_time":0.07806604345,"remaining_time":2.090435164},
{"learn":[0.03424223903],"iteration":36,"passed_time":0.08008784985,"remaining_time":2.084448633},
{"learn":[0.03343661312],"iteration":37,"passed_time":0.08273073131,"remaining_time":2.094393777},
{"learn":[0.03315792953],"iteration":38,"passed_time":0.08474074621,"remaining_time":2.0880989},
{"learn":[0.0328892135],"iteration":39,"passed_time":0.0869558417,"remaining_time":2.086940201},
{"learn":[0.03196954966],"iteration":40,"passed_time":0.08910868802,"remaining_time":2.084273947},
{"learn":[0.03148012554],"iteration":41,"passed_time":0.09118603535,"remaining_time":2.079910044},
{"learn":[0.03109573058],"iteration":42,"passed_time":0.0933717979,"remaining_time":2.078065363},
{"learn":[0.03083155399],"iteration":43,"passed_time":0.09543352044,"remaining_time":2.073510126},
{"learn":[0.03061586228],"iteration":44,"passed_time":0.09751182609,"remaining_time":2.069417643},
{"learn":[0.03024487693],"iteration":45,"passed_time":0.0996107148,"remaining_time":2.065839607},
{"learn":[0.02988996703],"iteration":46,"passed_time":0.1018379351,"remaining_time":2.064926642},
{"learn":[0.02954173572],"iteration":47,"passed_time":0.1039824899,"remaining_time":2.062319383},
{"learn":[0.02929064452],"iteration":48,"passed_time":0.1060714621,"remaining_time":2.058652254},
{"learn":[0.02892180835],"iteration":49,"passed_time":0.1081944338,"remaining_time":2.055694242},
{"learn":[0.02837506214],"iteration":50,"passed_time":0.110177699,"remaining_time":2.050169341},
{"learn":[0.0282661999],"iteration":51,"passed_time":0.1121664642,"remaining_time":2.044880925},
{"learn":[0.02799735462],"iteration":52,"passed_time":0.1142237285,"remaining_time":2.04094096},
{"learn":[0.02775724464],"iteration":53,"passed_time":0.1162957425,"remaining_time":2.037329119},
{"learn":[0.0275474127],"iteration":54,"passed_time":0.1187062104,"remaining_time":2.039588525},
{"learn":[0.02732059991],"iteration":55,"passed_time":0.1209538472,"remaining_time":2.038936281},
{"learn":[0.02707433195],"iteration":56,"passed_time":0.123196359,"remaining_time":2.038143272},
{"learn":[0.02688470212],"iteration":57,"passed_time":0.1257131171,"remaining_time":2.041754419},
{"learn":[0.02670104943],"iteration":58,"passed_time":0.12775059,"remaining_time":2.037513647},
{"learn":[0.02652557504],"iteration":59,"passed_time":0.1297053139,"remaining_time":2.032049918},
{"learn":[0.02628948067],"iteration":60,"passed_time":0.1317666615,"remaining_time":2.028342543},
{"learn":[0.0260109213],"iteration":61,"passed_time":0.1338655918,"remaining_time":2.025256857},
{"learn":[0.0258979965],"iteration":62,"passed_time":0.1359471058,"remaining_time":2.021943462},
{"learn":[0.02550125785],"iteration":63,"passed_time":0.1380028701,"remaining_time":2.018291975},
{"learn":[0.02541061599],"iteration":64,"passed_time":0.1401887993,"remaining_time":2.016561959},
{"learn":[0.0252094567],"iteration":65,"passed_time":0.1422023558,"remaining_time":2.012378793},
{"learn":[0.02507427247],"iteration":66,"passed_time":0.1443020362,"remaining_time":2.009459697},
{"learn":[0.02497452899],"iteration":67,"passed_time":0.1464165913,"remaining_time":2.006768575},
{"learn":[0.0248660041],"iteration":68,"passed_time":0.1490137234,"remaining_time":2.010605456},
{"learn":[0.02447283377],"iteration":69,"passed_time":0.1512295272,"remaining_time":2.00919229},
{"learn":[0.02437221796],"iteration":70,"passed_time":0.1534377478,"remaining_time":2.007657292},
{"learn":[0.02426078756],"iteration":71,"passed_time":0.1557642585,"remaining_time":2.00762822},
{"learn":[0.02411792645],"iteration":72,"passed_time":0.1578492307,"remaining_time":2.004468998},
{"learn":[0.02399835691],"iteration":73,"passed_time":0.1600972424,"remaining_time":2.003379006},
{"learn":[0.02384629122],"iteration":74,"passed_time":0.1622390889,"remaining_time":2.000948763},
{"learn":[0.02380667822],"iteration":75,"passed_time":0.164256812,"remaining_time":1.99701703},
{"learn":[0.02370776861],"iteration":76,"passed_time":0.1664744075,"remaining_time":1.995530884},
{"learn":[0.02348631845],"iteration":77,"passed_time":0.1687781268,"remaining_time":1.995044011},
{"learn":[0.02339274753],"iteration":78,"passed_time":0.1709260148,"remaining_time":1.992694426},
{"learn":[0.02327656559],"iteration":79,"passed_time":0.1729803625,"remaining_time":1.989274168},
{"learn":[0.02309887877],"iteration":80,"passed_time":0.1752274159,"remaining_time":1.988074015},
{"learn":[0.02309893551],"iteration":81,"passed_time":0.1770853078,"remaining_time":1.982491617},
{"learn":[0.02302133196],"iteration":82,"passed_time":0.179071323,"remaining_time":1.978414496},
{"learn":[0.023020462],"iteration":83,"passed_time":0.1808800489,"remaining_time":1.972453867},
{"learn":[0.02290241898],"iteration":84,"passed_time":0.1829246883,"remaining_time":1.969130469},
{"learn":[0.02276340468],"iteration":85,"passed_time":0.1850844096,"remaining_time":1.967059888},
{"learn":[0.02264369509],"iteration":86,"passed_time":0.1873209631,"remaining_time":1.965793555},
{"learn":[0.0226431006],"iteration":87,"passed_time":0.1893461028,"remaining_time":1.962314156},
{"learn":[0.0226430434],"iteration":88,"passed_time":0.1913537844,"remaining_time":1.958688737},
{"learn":[0.0226428717],"iteration":89,"passed_time":0.1932089264,"remaining_time":1.953556922},
{"learn":[0.02264281311],"iteration":90,"passed_time":0.1950946512,"remaining_time":1.948802615},
{"learn":[0.02264252725],"iteration":91,"passed_time":0.1972391227,"remaining_time":1.946664385},
{"learn":[0.02264221868],"iteration":92,"passed_time":0.1991588888,"remaining_time":1.942334539},
{"learn":[0.02264218735],"iteration":93,"passed_time":0.2011783202,"remaining_time":1.939016575},
{"learn":[0.02264210349],"iteration":94,"passed_time":0.2030592535,"remaining_time":1.934406573},
{"learn":[0.02264193769],"iteration":95,"passed_time":0.2050320189,"remaining_time":1.930718178},
{"learn":[0.0226413819],"iteration":96,"passed_time":0.2071769903,"remaining_time":1.92866827},
{"learn":[0.02264084871],"iteration":97,"passed_time":0.2090967564,"remaining_time":1.924543615},
{"learn":[0.02264036792],"iteration":98,"passed_time":0.2110151058,"remaining_time":1.92045061},
{"learn":[0.02264024221],"iteration":99,"passed_time":0.2129874962,"remaining_time":1.916887466},
{"learn":[0.02263969992],"iteration":100,"passed_time":0.2149361786,"remaining_time":1.913144798},
{"learn":[0.02263969992],"iteration":101,"passed_time":0.2169631099,"remaining_time":1.910126203},
{"learn":[0.02263969992],"iteration":102,"passed_time":0.2188262101,"remaining_time":1.905700102},
{"learn":[0.02263969992],"iteration":103,"passed_time":0.2205697286,"remaining_time":1.900293046},
{"learn":[0.02263969992],"iteration":104,"passed_time":0.2223580381,"remaining_time":1.895337563},
{"learn":[0.02263969992],"iteration":105,"passed_time":0.2242558878,"remaining_time":1.891365695},
{"learn":[0.02263969992],"iteration":106,"passed_time":0.2261241962,"remaining_time":1.887186049},
{"learn":[0.02263969992],"iteration":107,"passed_time":0.2278975893,"remaining_time":1.882265274},
{"learn":[0.02263969992],"iteration":108,"passed_time":0.2297882308,"remaining_time":1.878360675},
{"learn":[0.02263969992],"iteration":109,"passed_time":0.2318525783,"remaining_time":1.875898133},
{"learn":[0.02263969992],"iteration":110,"passed_time":0.2336638875,"remaining_time":1.87141618},
{"learn":[0.02263969992],"iteration":111,"passed_time":0.2354721134,"remaining_time":1.86695747},
{"learn":[0.02263969992],"iteration":112,"passed_time":0.2373847129,"remaining_time":1.863364959},
{"learn":[0.02263969992],"iteration":113,"passed_time":0.2392119802,"remaining_time":1.859138724},
{"learn":[0.02263969992],"iteration":114,"passed_time":0.2411084966,"remaining_time":1.855487126},
{"learn":[0.02263943231],"iteration":115,"passed_time":0.2429028061,"remaining_time":1.851086901},
{"learn":[0.02263942297],"iteration":116,"passed_time":0.2448973212,"remaining_time":1.848242176},
{"learn":[0.02263925751],"iteration":117,"passed_time":0.247063709,"remaining_time":1.846696537},
{"learn":[0.02263881816],"iteration":118,"passed_time":0.2489684753,"remaining_time":1.843203586},
{"learn":[0.02263877426],"iteration":119,"passed_time":0.25099199,"remaining_time":1.840607927},
{"learn":[0.02263835555],"iteration":120,"passed_time":0.2528458403,"remaining_time":1.836789203},
{"learn":[0.02263835401],"iteration":121,"passed_time":0.2549190627,"remaining_time":1.834581451},
{"learn":[0.02263827158],"iteration":122,"passed_time":0.2568534119,"remaining_time":1.831385709},
{"learn":[0.02263801449],"iteration":123,"passed_time":0.2587911361,"remaining_time":1.828234155},
{"learn":[0.02263802891],"iteration":124,"passed_time":0.2605967787,"remaining_time":1.824177451},
{"learn":[0.02263768137],"iteration":125,"passed_time":0.2624223377,"remaining_time":1.820294628},
{"learn":[0.02263768137],"iteration":126,"passed_time":0.2643492704,"remaining_time":1.817141048},
{"learn":[0.02256547243],"iteration":127,"passed_time":0.266557366,"remaining_time":1.815922056},
{"learn":[0.02256527083],"iteration":128,"passed_time":0.2684229245,"remaining_time":1.81237494},
{"learn":[0.02256506759],"iteration":129,"passed_time":0.270408648,"remaining_time":1.809657875},
{"learn":[0.02256492546],"iteration":130,"passed_time":0.2722996645,"remaining_time":1.806323729},
{"learn":[0.02248982983],"iteration":131,"passed_time":0.2743429706,"remaining_time":1.804012867},
{"learn":[0.02238260151],"iteration":132,"passed_time":0.2765251499,"remaining_time":1.802611315},
{"learn":[0.02238227839],"iteration":133,"passed_time":0.2784732489,"remaining_time":1.799685325},
{"learn":[0.02238227395],"iteration":134,"passed_time":0.2804145564,"remaining_time":1.796730306},
{"learn":[0.02238184501],"iteration":135,"passed_time":0.2823002396,"remaining_time":1.793436816},
{"learn":[0.02238153335],"iteration":136,"passed_time":0.2842433387,"remaining_time":1.790525557},
{"learn":[0.02238137611],"iteration":137,"passed_time":0.2878768737,"remaining_time":1.798187428},
{"learn":[0.02238103082],"iteration":138,"passed_time":0.2898553473,"remaining_time":1.795434921},
{"learn":[0.02238088511],"iteration":139,"passed_time":0.2917303223,"remaining_time":1.792057694},
{"learn":[0.02227646564],"iteration":140,"passed_time":0.2937461705,"remaining_time":1.789560003},
{"learn":[0.021942128],"iteration":141,"passed_time":0.2957197275,"remaining_time":1.786813565},
{"learn":[0.02175040117],"iteration":142,"passed_time":0.2977897833,"remaining_time":1.784656254},
{"learn":[0.02165341782],"iteration":143,"passed_time":0.2998047148,"remaining_time":1.782172471},
{"learn":[0.02152103814],"iteration":144,"passed_time":0.3018905203,"remaining_time":1.780113068},
{"learn":[0.02151821321],"iteration":145,"passed_time":0.3037324541,"remaining_time":1.776626821},
{"learn":[0.02151809761],"iteration":146,"passed_time":0.3056233873,"remaining_time":1.773447274},
{"learn":[0.02151795493],"iteration":147,"passed_time":0.3075280286,"remaining_time":1.770364056},
{"learn":[0.02151614647],"iteration":148,"passed_time":0.3094822109,"remaining_time":1.767579607},
{"learn":[0.02151486802],"iteration":149,"passed_time":0.3114488513,"remaining_time":1.764876824},
{"learn":[0.02151468452],"iteration":150,"passed_time":0.3132847019,"remaining_time":1.761448423},
{"learn":[0.02151416337],"iteration":151,"passed_time":0.3154067569,"remaining_time":1.759637697},
{"learn":[0.02151412831],"iteration":152,"passed_time":0.3172451491,"remaining_time":1.756252558},
{"learn":[0.02151374382],"iteration":153,"passed_time":0.3190872912,"remaining_time":1.752908106},
{"learn":[0.02151269538],"iteration":154,"passed_time":0.3209083503,"remaining_time":1.749468103},
{"learn":[0.02151215171],"iteration":155,"passed_time":0.3229536564,"remaining_time":1.74726209},
{"learn":[0.02151123793],"iteration":156,"passed_time":0.3248375063,"remaining_time":1.744191196},
{"learn":[0.02150785498],"iteration":157,"passed_time":0.3269562698,"remaining_time":1.74238721},
{"learn":[0.02150034224],"iteration":158,"passed_time":0.3288540362,"remaining_time":1.739410342},
{"learn":[0.02149563788],"iteration":159,"passed_time":0.3307718439,"remaining_time":1.736552181},
{"learn":[0.02142359271],"iteration":160,"passed_time":0.3328001919,"remaining_time":1.734281745},
{"learn":[0.02139124919],"iteration":161,"passed_time":0.3348449147,"remaining_time":1.732099003},
{"learn":[0.02139101723],"iteration":162,"passed_time":0.336744306,"remaining_time":1.729171682},
{"learn":[0.02126612143],"iteration":163,"passed_time":0.3387909038,"remaining_time":1.72700729},
{"learn":[0.02123337133],"iteration":164,"passed_time":0.3406142545,"remaining_time":1.723714561},
{"learn":[0.021138838],"iteration":165,"passed_time":0.3426375609,"remaining_time":1.721444131},
{"learn":[0.02113861064],"iteration":166,"passed_time":0.3445353689,"remaining_time":1.718550673},
{"learn":[0.02113852986],"iteration":167,"passed_time":0.3463963858,"remaining_time":1.715486863},
{"learn":[0.02113836806],"iteration":168,"passed_time":0.3485152326,"remaining_time":1.713705079},
{"learn":[0.02113788115],"iteration":169,"passed_time":0.350411499,"remaining_time":1.710832613},
{"learn":[0.02113771679],"iteration":170,"passed_time":0.3523063488,"remaining_time":1.707964697},
{"learn":[0.02113762141],"iteration":171,"passed_time":0.3541849071,"remaining_time":1.705029669},
{"learn":[0.02113745678],"iteration":172,"passed_time":0.3561932136,"remaining_time":1.702727096},
{"learn":[0.02113523534],"iteration":173,"passed_time":0.3581313128,"remaining_time":1.700094623},
{"learn":[0.0211351015],"iteration":174,"passed_time":0.3599379138,"remaining_time":1.696850165},
{"learn":[0.02113307575],"iteration":175,"passed_time":0.3617680561,"remaining_time":1.693732262},
{"learn":[0.02113139837],"iteration":176,"passed_time":0.3636301146,"remaining_time":1.690777312},
{"learn":[0.02113111042],"iteration":177,"passed_time":0.3654553403,"remaining_time":1.687664549},
{"learn":[0.02113104411],"iteration":178,"passed_time":0.3673258154,"remaining_time":1.684773712},
{"learn":[0.0211309307],"iteration":179,"passed_time":0.3693320803,"remaining_time":1.68251281},
{"learn":[0.02108242161],"iteration":180,"passed_time":0.3716400496,"remaining_time":1.681619893},
{"learn":[0.02108222587],"iteration":181,"passed_time":0.3737253134,"remaining_time":1.679710475},
{"learn":[0.0210819932],"iteration":182,"passed_time":0.3757027454,"remaining_time":1.677317721},
{"learn":[0.02108178697],"iteration":183,"passed_time":0.3776492195,"remaining_time":1.674792191},
{"learn":[0.0210292687],"iteration":184,"passed_time":0.3796830674,"remaining_time":1.672657838},
{"learn":[0.02097932707],"iteration":185,"passed_time":0.3816803325,"remaining_time":1.670364466},
{"learn":[0.02097717875],"iteration":186,"passed_time":0.3836120567,"remaining_time":1.667789316},
{"learn":[0.02097676843],"iteration":187,"passed_time":0.3855888221,"remaining_time":1.665415551},
{"learn":[0.02097635765],"iteration":188,"passed_time":0.387568504,"remaining_time":1.663058501},
{"learn":[0.02097592861],"iteration":189,"passed_time":0.3894783953,"remaining_time":1.660407896},
{"learn":[0.02097589851],"iteration":190,"passed_time":0.3913376205,"remaining_time":1.657550445},
{"learn":[0.02097573159],"iteration":191,"passed_time":0.3932345119,"remaining_time":1.654861904},
{"learn":[0.02097560486],"iteration":192,"passed_time":0.3952084023,"remaining_time":1.652503527},
{"learn":[0.0209752316],"iteration":193,"passed_time":0.3971628762,"remaining_time":1.650068445},
{"learn":[0.02097494476],"iteration":194,"passed_time":0.3990152682,"remaining_time":1.647216877},
{"learn":[0.0208812557],"iteration":195,"passed_time":0.4010206582,"remaining_time":1.645003108},
{"learn":[0.0208811793],"iteration":196,"passed_time":0.4030407146,"remaining_time":1.642851238},
{"learn":[0.02088108847],"iteration":197,"passed_time":0.4050886457,"remaining_time":1.640813605},
{"learn":[0.02088103948],"iteration":198,"passed_time":0.4070811191,"remaining_time":1.638552645},
{"learn":[0.02088061089],"iteration":199,"passed_time":0.4090067185,"remaining_time":1.636026874},
{"learn":[0.0208804042],"iteration":200,"passed_time":0.4110029835,"remaining_time":1.633787979},
{"learn":[0.0208802904],"iteration":201,"passed_time":0.4130558729,"remaining_time":1.631775181},
{"learn":[0.02088018331],"iteration":202,"passed_time":0.4149038066,"remaining_time":1.62895731},
{"learn":[0.02087977848],"iteration":203,"passed_time":0.4167623235,"remaining_time":1.626190243},
{"learn":[0.02087976886],"iteration":204,"passed_time":0.4186158405,"remaining_time":1.62341265},
{"learn":[0.0208797474],"iteration":205,"passed_time":0.420476524,"remaining_time":1.620671651},
{"learn":[0.02087962056],"iteration":206,"passed_time":0.4223428325,"remaining_time":1.617960706},
{"learn":[0.02087944609],"iteration":207,"passed_time":0.4241863079,"remaining_time":1.615170942},
{"learn":[0.02087914909],"iteration":208,"passed_time":0.426208781,"remaining_time":1.613067683},
{"learn":[0.02087917614],"iteration":209,"passed_time":0.4282802117,"remaining_time":1.611149368},
{"learn":[0.02087902554],"iteration":210,"passed_time":0.430236769,"remaining_time":1.608800051},
{"learn":[0.02087878927],"iteration":211,"passed_time":0.4322489089,"remaining_time":1.606661039},
{"learn":[0.02087884503],"iteration":212,"passed_time":0.4341318005,"remaining_time":1.604045666},
{"learn":[0.02087874218],"iteration":213,"passed_time":0.4360259002,"remaining_time":1.601478306},
{"learn":[0.02087864294],"iteration":214,"passed_time":0.4378868338,"remaining_time":1.598796114},
{"learn":[0.02087860851],"iteration":215,"passed_time":0.4398683907,"remaining_time":1.596559344},
{"learn":[0.02087857046],"iteration":216,"passed_time":0.4418266563,"remaining_time":1.594240884},
{"learn":[0.02087833559],"iteration":217,"passed_time":0.4437949634,"remaining_time":1.591961749},
{"learn":[0.02087795946],"iteration":218,"passed_time":0.4459202268,"remaining_time":1.590245192},
{"learn":[0.02087794622],"iteration":219,"passed_time":0.4480377402,"remaining_time":1.588497443},
{"learn":[0.02087787241],"iteration":220,"passed_time":0.4502375026,"remaining_time":1.587036265},
{"learn":[0.02087783667],"iteration":221,"passed_time":0.4521141859,"remaining_time":1.584436201},
{"learn":[0.02087766756],"iteration":222,"passed_time":0.4541256591,"remaining_time":1.582312274},
{"learn":[0.02079919729],"iteration":223,"passed_time":0.4561679236,"remaining_time":1.580296021},
{"learn":[0.02079916266],"iteration":224,"passed_time":0.4579996492,"remaining_time":1.577554347},
{"learn":[0.02079911634],"iteration":225,"passed_time":0.459888749,"remaining_time":1.57501722},
{"learn":[0.02079872118],"iteration":226,"passed_time":0.4618310982,"remaining_time":1.572667132},
{"learn":[0.02079863707],"iteration":227,"passed_time":0.4636980316,"remaining_time":1.570065265},
{"learn":[0.02079845827],"iteration":228,"passed_time":0.4655173407,"remaining_time":1.567309475},
{"learn":[0.02079836589],"iteration":229,"passed_time":0.4674309819,"remaining_time":1.564877635},
{"learn":[0.02079816787],"iteration":230,"passed_time":0.4693239567,"remaining_time":1.562381484},
{"learn":[0.02079814056],"iteration":231,"passed_time":0.4713825959,"remaining_time":1.560438938},
{"learn":[0.02079799659],"iteration":232,"passed_time":0.4733357782,"remaining_time":1.558148249},
{"learn":[0.02079779799],"iteration":233,"passed_time":0.4752229614,"remaining_time":1.555644395},
{"learn":[0.0207975528],"iteration":234,"passed_time":0.4770764367,"remaining_time":1.55303606},
{"learn":[0.02079754103],"iteration":235,"passed_time":0.4789732865,"remaining_time":1.550574538},
{"learn":[0.02079487959],"iteration":236,"passed_time":0.4809634683,"remaining_time":1.548418254},
{"learn":[0.0207946954],"iteration":237,"passed_time":0.482813152,"remaining_time":1.545813537},
{"learn":[0.02079455442],"iteration":238,"passed_time":0.4846515442,"remaining_time":1.543179185},
{"learn":[0.02079435632],"iteration":239,"passed_time":0.4865538105,"remaining_time":1.540753733},
{"learn":[0.02079393924],"iteration":240,"passed_time":0.4884311605,"remaining_time":1.538254153},
{"learn":[0.02079379981],"iteration":241,"passed_time":0.4903108438,"remaining_time":1.535767023},
{"learn":[0.02079362932],"iteration":242,"passed_time":0.4921684024,"remaining_time":1.53321597},
{"learn":[0.02079351578],"iteration":243,"passed_time":0.4940202944,"remaining_time":1.530653043},
{"learn":[0.0207920031],"iteration":244,"passed_time":0.4958661031,"remaining_time":1.528077175},
{"learn":[0.0207916553],"iteration":245,"passed_time":0.4977109119,"remaining_time":1.525504177},
{"learn":[0.02079162779],"iteration":246,"passed_time":0.499677094,"remaining_time":1.523307092},
{"learn":[0.02079150476],"iteration":247,"passed_time":0.5017638162,"remaining_time":1.521477378},
{"learn":[0.02079141664],"iteration":248,"passed_time":0.5036026667,"remaining_time":1.518898003},
{"learn":[0.02079139318],"iteration":249,"passed_time":0.5054506005,"remaining_time":1.516351801},
{"learn":[0.02079139318],"iteration":250,"passed_time":0.5071673693,"remaining_time":1.513419759},
{"learn":[0.02079120724],"iteration":251,"passed_time":0.5089223042,"remaining_time":1.510610649},
{"learn":[0.02079089283],"iteration":252,"passed_time":0.5109249859,"remaining_time":1.508541361},
{"learn":[0.02079074412],"iteration":253,"passed_time":0.5128606684,"remaining_time":1.506275821},
{"learn":[0.02079056712],"iteration":254,"passed_time":0.5147106854,"remaining_time":1.503762591},
{"learn":[0.02079051482],"iteration":255,"passed_time":0.5165250363,"remaining_time":1.501150887},
{"learn":[0.02079016154],"iteration":256,"passed_time":0.5183796782,"remaining_time":1.498661871},
{"learn":[0.0207899993],"iteration":257,"passed_time":0.5203426104,"remaining_time":1.496489213},
{"learn":[0.02078988391],"iteration":258,"passed_time":0.5222873345,"remaining_time":1.494266081},
{"learn":[0.02078979803],"iteration":259,"passed_time":0.524102477,"remaining_time":1.491676281},
{"learn":[0.02078971257],"iteration":260,"passed_time":0.5259604523,"remaining_time":1.489213694},
{"learn":[0.02078960827],"iteration":261,"passed_time":0.5279588006,"remaining_time":1.487151125},
{"learn":[0.02078939891],"iteration":262,"passed_time":0.5300643559,"remaining_time":1.485389469},
{"learn":[0.02078932435],"iteration":263,"passed_time":0.5323731585,"remaining_time":1.484191836},
{"learn":[0.02078929865],"iteration":264,"passed_time":0.5343405073,"remaining_time":1.482038766},
{"learn":[0.02078919209],"iteration":265,"passed_time":0.5362276905,"remaining_time":1.479665883},
{"learn":[0.02078920362],"iteration":266,"passed_time":0.5380199999,"remaining_time":1.47703618},
{"learn":[0.02078907918],"iteration":267,"passed_time":0.5398980166,"remaining_time":1.474646821},
{"learn":[0.0207878569],"iteration":268,"passed_time":0.5418418657,"remaining_time":1.472440163},
{"learn":[0.02078793057],"iteration":269,"passed_time":0.5437617151,"remaining_time":1.470170563},
{"learn":[0.0207878195],"iteration":270,"passed_time":0.5456995643,"remaining_time":1.467951965},
{"learn":[0.02078772508],"iteration":271,"passed_time":0.5476898711,"remaining_time":1.465875832},
{"learn":[0.02078742532],"iteration":272,"passed_time":0.5495693461,"remaining_time":1.463505182},
{"learn":[0.02075507174],"iteration":273,"passed_time":0.5516393602,"remaining_time":1.461642976},
{"learn":[0.02075490858],"iteration":274,"passed_time":0.5534481278,"remaining_time":1.459090519},
{"learn":[0.0207546499],"iteration":275,"passed_time":0.5553661856,"remaining_time":1.456830139},
{"learn":[0.02075447061],"iteration":276,"passed_time":0.557383992,"remaining_time":1.454832586},
{"learn":[0.02075440986],"iteration":277,"passed_time":0.5592492588,"remaining_time":1.452438723},
{"learn":[0.0207543003],"iteration":278,"passed_time":0.5611896913,"remaining_time":1.450242894},
{"learn":[0.02075403317],"iteration":279,"passed_time":0.5631102907,"remaining_time":1.44799789},
{"learn":[0.0207539679],"iteration":280,"passed_time":0.5649479329,"remaining_time":1.445542932},
{"learn":[0.02075385036],"iteration":281,"passed_time":0.5668392827,"remaining_time":1.443229096},
{"learn":[0.02075387829],"iteration":282,"passed_time":0.568673675,"remaining_time":1.44077394},
{"learn":[0.02075381521],"iteration":283,"passed_time":0.5706589402,"remaining_time":1.438703525},
{"learn":[0.02075384747],"iteration":284,"passed_time":0.5725552066,"remaining_time":1.436410431},
{"learn":[0.02075353835],"iteration":285,"passed_time":0.5746259707,"remaining_time":1.434555745},
{"learn":[0.0207535404],"iteration":286,"passed_time":0.576629319,"remaining_time":1.432532071},
{"learn":[0.02075322735],"iteration":287,"passed_time":0.5786639585,"remaining_time":1.430585898},
{"learn":[0.02075317271],"iteration":288,"passed_time":0.580580683,"remaining_time":1.428349016},
{"learn":[0.02075307021],"iteration":289,"passed_time":0.5824547831,"remaining_time":1.426009986},
{"learn":[0.02075278314],"iteration":290,"passed_time":0.5844748811,"remaining_time":1.424029865},
{"learn":[0.0207527653],"iteration":291,"passed_time":0.5876224642,"remaining_time":1.424783235},
{"learn":[0.02075261372],"iteration":292,"passed_time":0.5904219269,"remaining_time":1.424669974},
{"learn":[0.0207525617],"iteration":293,"passed_time":0.5931480573,"remaining_time":1.424362342},
{"learn":[0.02075248589],"iteration":294,"passed_time":0.5956929817,"remaining_time":1.423605261},
{"learn":[0.02075235875],"iteration":295,"passed_time":0.5987498577,"remaining_time":1.424053716},
{"learn":[0.02069292402],"iteration":296,"passed_time":0.6017451511,"remaining_time":1.424332799},
{"learn":[0.02059658003],"iteration":297,"passed_time":0.6047600693,"remaining_time":1.424636136},
{"learn":[0.02059620963],"iteration":298,"passed_time":0.607635156,"remaining_time":1.424589446},
{"learn":[0.02050981443],"iteration":299,"passed_time":0.6115904783,"remaining_time":1.427044449},
{"learn":[0.02042806291],"iteration":300,"passed_time":0.6140079044,"remaining_time":1.425885466},
{"learn":[0.02042787238],"iteration":301,"passed_time":0.6190815035,"remaining_time":1.43085725},
{"learn":[0.02042785388],"iteration":302,"passed_time":0.621517846,"remaining_time":1.429696167},
{"learn":[0.02042763579],"iteration":303,"passed_time":0.62347632,"remaining_time":1.427432627},
{"learn":[0.0204275265],"iteration":304,"passed_time":0.6260922018,"remaining_time":1.426669116},
{"learn":[0.02042710317],"iteration":305,"passed_time":0.6281070499,"remaining_time":1.424530368},
{"learn":[0.02042700476],"iteration":306,"passed_time":0.6303589783,"remaining_time":1.422927596},
{"learn":[0.020426826],"iteration":307,"passed_time":0.632404076,"remaining_time":1.420855911},
{"learn":[0.0204267407],"iteration":308,"passed_time":0.634761503,"remaining_time":1.419482843},
{"learn":[0.02042669053],"iteration":309,"passed_time":0.6367261018,"remaining_time":1.417229065},
{"learn":[0.02042657713],"iteration":310,"passed_time":0.638814199,"remaining_time":1.41525075},
{"learn":[0.02042651242],"iteration":311,"passed_time":0.6415442876,"remaining_time":1.414687403},
{"learn":[0.02042646319],"iteration":312,"passed_time":0.6436036768,"remaining_time":1.412638102},
{"learn":[0.02042638483],"iteration":313,"passed_time":0.6456711493,"remaining_time":1.410606396},
{"learn":[0.02042628689],"iteration":314,"passed_time":0.6477370801,"remaining_time":1.408571111},
{"learn":[0.02042619167],"iteration":315,"passed_time":0.6498466354,"remaining_time":1.406630059},
{"learn":[0.02042611066],"iteration":316,"passed_time":0.651803276,"remaining_time":1.404358478},
{"learn":[0.0204259406],"iteration":317,"passed_time":0.6537129172,"remaining_time":1.40198808},
{"learn":[0.02042588264],"iteration":318,"passed_time":0.6556161002,"remaining_time":1.399606784},
{"learn":[0.0204257686],"iteration":319,"passed_time":0.6574650755,"remaining_time":1.397113286},
{"learn":[0.02042570114],"iteration":320,"passed_time":0.6594568823,"remaining_time":1.394925929},
{"learn":[0.02042545855],"iteration":321,"passed_time":0.6614290644,"remaining_time":1.392698465},
{"learn":[0.02042541717],"iteration":322,"passed_time":0.6632290404,"remaining_time":1.390111642},
{"learn":[0.0204252639],"iteration":323,"passed_time":0.6652842214,"remaining_time":1.388062141},
{"learn":[0.02042517836],"iteration":324,"passed_time":0.6671581548,"remaining_time":1.385636168},
{"learn":[0.02042423694],"iteration":325,"passed_time":0.6692387937,"remaining_time":1.383640942},
{"learn":[0.02042425118],"iteration":326,"passed_time":0.6710941023,"remaining_time":1.38118144},
{"learn":[0.02042425118],"iteration":327,"passed_time":0.6728623704,"remaining_time":1.378547296},
{"learn":[0.02042424212],"iteration":328,"passed_time":0.6746741796,"remaining_time":1.376007217},
{"learn":[0.02042411191],"iteration":329,"passed_time":0.6766615698,"remaining_time":1.373828036},
{"learn":[0.02042329155],"iteration":330,"passed_time":0.6784719207,"remaining_time":1.37129219},
{"learn":[0.02042259277],"iteration":331,"passed_time":0.6803077296,"remaining_time":1.368811938},
{"learn":[0.02042244056],"iteration":332,"passed_time":0.6823684521,"remaining_time":1.366786059},
{"learn":[0.02042203124],"iteration":333,"passed_time":0.6843015931,"remaining_time":1.364505572},
{"learn":[0.02042196233],"iteration":334,"passed_time":0.6863653572,"remaining_time":1.362486455},
{"learn":[0.02042172311],"iteration":335,"passed_time":0.6881724998,"remaining_time":1.35995994},
{"learn":[0.02042111726],"iteration":336,"passed_time":0.6910245868,"remaining_time":1.359493475},
{"learn":[0.02042101537],"iteration":337,"passed_time":0.6928926036,"remaining_time":1.357085514},
{"learn":[0.02042092176],"iteration":338,"passed_time":0.6947874117,"remaining_time":1.354732977},
{"learn":[0.02042089283],"iteration":339,"passed_time":0.6966963446,"remaining_time":1.352410551},
{"learn":[0.02042069025],"iteration":340,"passed_time":0.6986783599,"remaining_time":1.350231786},
{"learn":[0.02042067699],"iteration":341,"passed_time":0.7007058745,"remaining_time":1.348141712},
{"learn":[0.0204205662],"iteration":342,"passed_time":0.7026510986,"remaining_time":1.345894378},
{"learn":[0.02042042378],"iteration":343,"passed_time":0.7046403638,"remaining_time":1.343732787},
{"learn":[0.02042045221],"iteration":344,"passed_time":0.7066342539,"remaining_time":1.341580975},
{"learn":[0.02042045221],"iteration":345,"passed_time":0.7084738544,"remaining_time":1.339138442},
{"learn":[0.02042046699],"iteration":346,"passed_time":0.7103914122,"remaining_time":1.336846087},
{"learn":[0.02042032478],"iteration":347,"passed_time":0.7122729705,"remaining_time":1.334488439},
{"learn":[0.02042023012],"iteration":348,"passed_time":0.7141446539,"remaining_time":1.332115099},
{"learn":[0.02042014424],"iteration":349,"passed_time":0.7159820877,"remaining_time":1.32968102},
{"learn":[0.02042017159],"iteration":350,"passed_time":0.7179335201,"remaining_time":1.327461124},
{"learn":[0.02042012853],"iteration":351,"passed_time":0.7197752872,"remaining_time":1.32504087},
{"learn":[0.02041981536],"iteration":352,"passed_time":0.7217215529,"remaining_time":1.322815424},
{"learn":[0.02041961356],"iteration":353,"passed_time":0.7236541522,"remaining_time":1.320566617},
{"learn":[0.02041952002],"iteration":354,"passed_time":0.7256105845,"remaining_time":1.318362893},
{"learn":[0.02041885474],"iteration":355,"passed_time":0.7275867665,"remaining_time":1.316196285},
{"learn":[0.02041873782],"iteration":356,"passed_time":0.7295394071,"remaining_time":1.313988344},
{"learn":[0.02041869908],"iteration":357,"passed_time":0.7315822966,"remaining_time":1.311943672},
{"learn":[0.02041865838],"iteration":358,"passed_time":0.7334160638,"remaining_time":1.309525618},
{"learn":[0.02041852416],"iteration":359,"passed_time":0.7352767057,"remaining_time":1.307158588},
{"learn":[0.02041851868],"iteration":360,"passed_time":0.7373185118,"remaining_time":1.305115039},
{"learn":[0.02041850278],"iteration":361,"passed_time":0.7392009034,"remaining_time":1.302790543},
{"learn":[0.02041838317],"iteration":362,"passed_time":0.7412434596,"remaining_time":1.300749542},
{"learn":[0.02041809088],"iteration":363,"passed_time":0.7432521828,"remaining_time":1.298649418},
{"learn":[0.02041807959],"iteration":364,"passed_time":0.7451947403,"remaining_time":1.296434685},
{"learn":[0.02041789832],"iteration":365,"passed_time":0.7471720473,"remaining_time":1.294281634},
{"learn":[0.02041788122],"iteration":366,"passed_time":0.7491268962,"remaining_time":1.292090805},
{"learn":[0.02041695382],"iteration":367,"passed_time":0.7510163294,"remaining_time":1.289788914},
{"learn":[0.0204167823],"iteration":368,"passed_time":0.7528346385,"remaining_time":1.287367634},
{"learn":[0.02041667724],"iteration":369,"passed_time":0.7547188634,"remaining_time":1.285061848},
{"learn":[0.02039330687],"iteration":370,"passed_time":0.7567760027,"remaining_time":1.283051498},
{"learn":[0.02039324133],"iteration":371,"passed_time":0.7588446001,"remaining_time":1.281060239},
{"learn":[0.02039295555],"iteration":372,"passed_time":0.7606883672,"remaining_time":1.278690633},
{"learn":[0.02039274308],"iteration":373,"passed_time":0.7628331303,"remaining_time":1.276827646},
{"learn":[0.02039272116],"iteration":374,"passed_time":0.7648865613,"remaining_time":1.274810935},
{"learn":[0.02039269126],"iteration":375,"passed_time":0.7668159523,"remaining_time":1.272588176},
{"learn":[0.0203927476],"iteration":376,"passed_time":0.7689723819,"remaining_time":1.270742159},
{"learn":[0.02039270278],"iteration":377,"passed_time":0.7708347321,"remaining_time":1.268410591},
{"learn":[0.02039247976],"iteration":378,"passed_time":0.7726662077,"remaining_time":1.26603091},
{"learn":[0.02039248725],"iteration":379,"passed_time":0.7746635144,"remaining_time":1.263924681},
{"learn":[0.02039246809],"iteration":380,"passed_time":0.7765409061,"remaining_time":1.261624202},
{"learn":[0.02039230232],"iteration":381,"passed_time":0.7785442544,"remaining_time":1.25952971},
{"learn":[0.02039233562],"iteration":382,"passed_time":0.7803933964,"remaining_time":1.257187273},
{"learn":[0.02039223696],"iteration":383,"passed_time":0.7824080362,"remaining_time":1.255112891},
{"learn":[0.02039215149],"iteration":384,"passed_time":0.7845465911,"remaining_time":1.253236762},
{"learn":[0.02039207696],"iteration":385,"passed_time":0.7872054723,"remaining_time":1.252186943},
{"learn":[0.02039209221],"iteration":386,"passed_time":0.7892163205,"remaining_time":1.250102337},
{"learn":[0.02039194839],"iteration":387,"passed_time":0.7912212938,"remaining_time":1.248008845},
{"learn":[0.02039191584],"iteration":388,"passed_time":0.7932209755,"remaining_time":1.245907496},
{"learn":[0.02039179445],"iteration":389,"passed_time":0.7952081574,"remaining_time":1.243787118},
{"learn":[0.02039174149],"iteration":390,"passed_time":0.797167673,"remaining_time":1.241624329},
{"learn":[0.02039161382],"iteration":391,"passed_time":0.7992244372,"remaining_time":1.239613413},
{"learn":[0.02039156888],"iteration":392,"passed_time":0.8011765362,"remaining_time":1.237440604},
{"learn":[0.02039150879],"iteration":393,"passed_time":0.8030688444,"remaining_time":1.235176953},
{"learn":[0.02039145399],"iteration":394,"passed_time":0.8050147768,"remaining_time":1.232997316},
{"learn":[0.02039136955],"iteration":395,"passed_time":0.8069791673,"remaining_time":1.230847013},
{"learn":[0.02039131603],"iteration":396,"passed_time":0.8089500577,"remaining_time":1.228707518},
{"learn":[0.02039130816],"iteration":397,"passed_time":0.8107381589,"remaining_time":1.226292391},
{"learn":[0.02039126248],"iteration":398,"passed_time":0.812678008,"remaining_time":1.224108979},
{"learn":[0.02039098013],"iteration":399,"passed_time":0.814609649,"remaining_time":1.221914473},
{"learn":[0.02039100541],"iteration":400,"passed_time":0.8166664132,"remaining_time":1.219908183},
{"learn":[0.02039093016],"iteration":401,"passed_time":0.8184763474,"remaining_time":1.217534467},
{"learn":[0.02039088444],"iteration":402,"passed_time":0.8203904053,"remaining_time":1.215317796},
{"learn":[0.02039090331],"iteration":403,"passed_time":0.8222238392,"remaining_time":1.212983684},
{"learn":[0.02039086368],"iteration":404,"passed_time":0.8242171043,"remaining_time":1.210886857},
{"learn":[0.02039081172],"iteration":405,"passed_time":0.8265018655,"remaining_time":1.209217015},
{"learn":[0.02039073185],"iteration":406,"passed_time":0.8286971696,"remaining_time":1.207413812},
{"learn":[0.02039068895],"iteration":407,"passed_time":0.8305874778,"remaining_time":1.205166144},
{"learn":[0.02039067463],"iteration":408,"passed_time":0.8324063702,"remaining_time":1.202817029},
{"learn":[0.02039042567],"iteration":409,"passed_time":0.8342220127,"remaining_time":1.200465823},
{"learn":[0.02039033253],"iteration":410,"passed_time":0.8361685284,"remaining_time":1.198304777},
{"learn":[0.0203901882],"iteration":411,"passed_time":0.838276042,"remaining_time":1.196374545},
{"learn":[0.02039021546],"iteration":412,"passed_time":0.8401627669,"remaining_time":1.194129647},
{"learn":[0.02039013003],"iteration":413,"passed_time":0.8422439892,"remaining_time":1.192161782},
{"learn":[0.02039014166],"iteration":414,"passed_time":0.8443055451,"remaining_time":1.190165648},
{"learn":[0.02039004459],"iteration":415,"passed_time":0.8461534788,"remaining_time":1.187869307},
{"learn":[0.02039011873],"iteration":416,"passed_time":0.8479331217,"remaining_time":1.18547964},
{"learn":[0.02038953468],"iteration":417,"passed_time":0.849765889,"remaining_time":1.18316686},
{"learn":[0.02038946649],"iteration":418,"passed_time":0.851640114,"remaining_time":1.180913857},
{"learn":[0.02038939287],"iteration":419,"passed_time":0.8534660064,"remaining_time":1.178595914},
{"learn":[0.02038929145],"iteration":420,"passed_time":0.8553771476,"remaining_time":1.17639755},
{"learn":[0.02038932502],"iteration":421,"passed_time":0.8572630391,"remaining_time":1.174165964},
{"learn":[0.02038932502],"iteration":422,"passed_time":0.8591994717,"remaining_time":1.172004953},
{"learn":[0.02038920491],"iteration":423,"passed_time":0.8610675301,"remaining_time":1.169752116},
{"learn":[0.02038909793],"iteration":424,"passed_time":0.8629186721,"remaining_time":1.167478203},
{"learn":[0.02038905275],"iteration":425,"passed_time":0.8648222718,"remaining_time":1.165276958},
{"learn":[0.02038906373],"iteration":426,"passed_time":0.8668124119,"remaining_time":1.163193237},
{"learn":[0.02038895555],"iteration":427,"passed_time":0.8688530931,"remaining_time":1.161177498},
{"learn":[0.02038871872],"iteration":428,"passed_time":0.8707280681,"remaining_time":1.158941088},
{"learn":[0.02038859348],"iteration":429,"passed_time":0.8726090014,"remaining_time":1.156714258},
{"learn":[0.02038861782],"iteration":430,"passed_time":0.8744789765,"remaining_time":1.154474565},
{"learn":[0.02038856277],"iteration":431,"passed_time":0.8763837428,"remaining_time":1.152282328},
{"learn":[0.02038856277],"iteration":432,"passed_time":0.8781860104,"remaining_time":1.149957201},
{"learn":[0.02038856277],"iteration":433,"passed_time":0.8800781102,"remaining_time":1.147751637},
{"learn":[0.02038794517],"iteration":434,"passed_time":0.8820320842,"remaining_time":1.145627879},
{"learn":[0.02038790684],"iteration":435,"passed_time":0.8838575182,"remaining_time":1.143338624},
{"learn":[0.0203878237],"iteration":436,"passed_time":0.8857247017,"remaining_time":1.141105279},
{"learn":[0.02038786063],"iteration":437,"passed_time":0.8877558413,"remaining_time":1.139083979},
{"learn":[0.02038772474],"iteration":438,"passed_time":0.8896599409,"remaining_time":1.136900289},
{"learn":[0.0203872367],"iteration":439,"passed_time":0.8915992901,"remaining_time":1.134762733},
{"learn":[0.02038705291],"iteration":440,"passed_time":0.8936101383,"remaining_time":1.132716706},
{"learn":[0.02038689444],"iteration":441,"passed_time":0.895555904,"remaining_time":1.130588675},
{"learn":[0.02038682892],"iteration":442,"passed_time":0.8976195432,"remaining_time":1.128609674},
{"learn":[0.02038671812],"iteration":443,"passed_time":0.8994615187,"remaining_time":1.126352713},
{"learn":[0.02038669056],"iteration":444,"passed_time":0.9016519062,"remaining_time":1.124532153},
{"learn":[0.02038659509],"iteration":445,"passed_time":0.903870335,"remaining_time":1.122744766},
{"learn":[0.02038661833],"iteration":446,"passed_time":0.9058761832,"remaining_time":1.120692459},
{"learn":[0.02038652791],"iteration":447,"passed_time":0.9078406154,"remaining_time":1.11858933},
{"learn":[0.02038646661],"iteration":448,"passed_time":0.9099326709,"remaining_time":1.116643434},
{"learn":[0.02038639846],"iteration":449,"passed_time":0.9120565592,"remaining_time":1.114735795},
{"learn":[0.02038633542],"iteration":450,"passed_time":0.9141690728,"remaining_time":1.11281335},
{"learn":[0.02038633353],"iteration":451,"passed_time":0.9162144622,"remaining_time":1.110808684},
{"learn":[0.02038518278],"iteration":452,"passed_time":0.9183333923,"remaining_time":1.108892639},
{"learn":[0.02038512676],"iteration":453,"passed_time":0.9206224451,"remaining_time":1.107180297},
{"learn":[0.02038505515],"iteration":454,"passed_time":0.9225664609,"remaining_time":1.105052134},
{"learn":[0.02038501402],"iteration":455,"passed_time":0.9246606413,"remaining_time":1.103103923},
{"learn":[0.02038485862],"iteration":456,"passed_time":0.9267003225,"remaining_time":1.101090318},
{"learn":[0.02038464155],"iteration":457,"passed_time":0.928790253,"remaining_time":1.099136064},
{"learn":[0.0203845387],"iteration":458,"passed_time":0.9310558895,"remaining_time":1.097388314},
{"learn":[0.02038451263],"iteration":459,"passed_time":0.9329866971,"remaining_time":1.095245253},
{"learn":[0.0203844329],"iteration":460,"passed_time":0.9351848762,"remaining_time":1.093415723},
{"learn":[0.02038436256],"iteration":461,"passed_time":0.9370970174,"remaining_time":1.091251505},
{"learn":[0.02038426251],"iteration":462,"passed_time":0.939048033,"remaining_time":1.089133464},
{"learn":[0.02038429796],"iteration":463,"passed_time":0.9411770463,"remaining_time":1.08722176},
{"learn":[0.02038419621],"iteration":464,"passed_time":0.9431055207,"remaining_time":1.085078395},
{"learn":[0.02038422456],"iteration":465,"passed_time":0.9449181215,"remaining_time":1.082803169},
{"learn":[0.02038407575],"iteration":466,"passed_time":0.9468169295,"remaining_time":1.080628316},
{"learn":[0.02038389646],"iteration":467,"passed_time":0.9486274054,"remaining_time":1.07835423},
{"learn":[0.02038384928],"iteration":468,"passed_time":0.9504696309,"remaining_time":1.076118068},
{"learn":[0.02038380693],"iteration":469,"passed_time":0.9522429406,"remaining_time":1.073805869},
{"learn":[0.02038368553],"iteration":470,"passed_time":0.9542794968,"remaining_time":1.071791622},
{"learn":[0.02038346577],"iteration":471,"passed_time":0.9561495136,"remaining_time":1.069590981},
{"learn":[0.02038333938],"iteration":472,"passed_time":0.9580546132,"remaining_time":1.067430827},
{"learn":[0.02038331794],"iteration":473,"passed_time":0.9600212537,"remaining_time":1.065340041},
{"learn":[0.02038320242],"iteration":474,"passed_time":0.9619319782,"remaining_time":1.063187976},
{"learn":[0.0203830957],"iteration":475,"passed_time":0.9639016603,"remaining_time":1.061101828},
{"learn":[0.02038301382],"iteration":476,"passed_time":0.9658029266,"remaining_time":1.058941154},
{"learn":[0.02038283114],"iteration":477,"passed_time":0.9678483577,"remaining_time":1.056939002},
{"learn":[0.02038283114],"iteration":478,"passed_time":0.9696678335,"remaining_time":1.0546909},
{"learn":[0.02038274866],"iteration":479,"passed_time":0.9714983508,"remaining_time":1.052456547},
{"learn":[0.02038269227],"iteration":480,"passed_time":0.9734492415,"remaining_time":1.050353755},
{"learn":[0.02038259798],"iteration":481,"passed_time":0.9754721728,"remaining_time":1.048329016},
{"learn":[0.02038257108],"iteration":482,"passed_time":0.9775024791,"remaining_time":1.046312177},
{"learn":[0.02038248781],"iteration":483,"passed_time":0.9795445353,"remaining_time":1.04430781},
{"learn":[0.02038233158],"iteration":484,"passed_time":0.9815179673,"remaining_time":1.042230419},
{"learn":[0.0203823376],"iteration":485,"passed_time":0.9834531499,"remaining_time":1.040113002},
{"learn":[0.0203821502],"iteration":486,"passed_time":0.9853884991,"remaining_time":1.037996509},
{"learn":[0.02038218684],"iteration":487,"passed_time":0.987371431,"remaining_time":1.035930682},
{"learn":[0.02038203396],"iteration":488,"passed_time":0.9892801556,"remaining_time":1.033787647},
{"learn":[0.02038196954],"iteration":489,"passed_time":0.9911926301,"remaining_time":1.031649472},
{"learn":[0.02038198027],"iteration":490,"passed_time":0.9931314376,"remaining_time":1.029539515},
{"learn":[0.02038178299],"iteration":491,"passed_time":0.9950054127,"remaining_time":1.027363312},
{"learn":[0.02038159765],"iteration":492,"passed_time":0.9969746781,"remaining_time":1.025286332},
{"learn":[0.02038148872],"iteration":493,"passed_time":0.998932152,"remaining_time":1.02319771},
{"learn":[0.02038144044],"iteration":494,"passed_time":1.000754003,"remaining_time":1.020971255},
{"learn":[0.02038130267],"iteration":495,"passed_time":1.002631353,"remaining_time":1.018802826},
{"learn":[0.02038110197],"iteration":496,"passed_time":1.004802115,"remaining_time":1.016932523},
{"learn":[0.02038094309],"iteration":497,"passed_time":1.006782964,"remaining_time":1.014869574},
{"learn":[0.02038089374],"iteration":498,"passed_time":1.008601023,"remaining_time":1.012643512},
{"learn":[0.02038079804],"iteration":499,"passed_time":1.010433082,"remaining_time":1.010433082},
{"learn":[0.0203807452],"iteration":500,"passed_time":1.012334723,"remaining_time":1.008293467},
{"learn":[0.02038058773],"iteration":501,"passed_time":1.014414571,"remaining_time":1.006331586},
{"learn":[0.02038054458],"iteration":502,"passed_time":1.016392794,"remaining_time":1.004268825},
{"learn":[0.02038052421],"iteration":503,"passed_time":1.0184851,"remaining_time":1.00231867},
{"learn":[0.02038026941],"iteration":504,"passed_time":1.020458282,"remaining_time":1.000251187},
{"learn":[0.02038026612],"iteration":505,"passed_time":1.022454172,"remaining_time":0.998206247},
{"learn":[0.0203801734],"iteration":506,"passed_time":1.024351855,"remaining_time":0.996066005},
{"learn":[0.02038008384],"iteration":507,"passed_time":1.026482618,"remaining_time":0.9941524572},
{"learn":[0.02037983944],"iteration":508,"passed_time":1.028611132,"remaining_time":0.9922358854},
{"learn":[0.02037989184],"iteration":509,"passed_time":1.030654354,"remaining_time":0.9902365366},
{"learn":[0.02037971817],"iteration":510,"passed_time":1.032528413,"remaining_time":0.9880751348},
{"learn":[0.02037968912],"iteration":511,"passed_time":1.034438929,"remaining_time":0.9859496042},
{"learn":[0.02037963154],"iteration":512,"passed_time":1.03633207,"remaining_time":0.9838084178},
{"learn":[0.02037946605],"iteration":513,"passed_time":1.038219212,"remaining_time":0.9816625234},
{"learn":[0.02037885388],"iteration":514,"passed_time":1.040469099,"remaining_time":0.9798592483},
{"learn":[0.02037863211],"iteration":515,"passed_time":1.042349699,"remaining_time":0.9777078569},
{"learn":[0.02037857677],"iteration":516,"passed_time":1.0441558,"remaining_time":0.9754879134},
{"learn":[0.02037850055],"iteration":517,"passed_time":1.046249688,"remaining_time":0.9735373548},
{"learn":[0.02037826908],"iteration":518,"passed_time":1.048087914,"remaining_time":0.9713492998},
{"learn":[0.02037828741],"iteration":519,"passed_time":1.049903431,"remaining_time":0.969141629},
{"learn":[0.02037813235],"iteration":520,"passed_time":1.051816739,"remaining_time":0.9670253706},
{"learn":[0.02037811413],"iteration":521,"passed_time":1.053753172,"remaining_time":0.9649310653},
{"learn":[0.02037725674],"iteration":522,"passed_time":1.05575752,"remaining_time":0.9628993061},
{"learn":[0.02037688776],"iteration":523,"passed_time":1.057645912,"remaining_time":0.9607623166},
{"learn":[0.02037687445],"iteration":524,"passed_time":1.059648802,"remaining_time":0.9587298681},
{"learn":[0.02037685619],"iteration":525,"passed_time":1.061497819,"remaining_time":0.9565588708},
{"learn":[0.0203767366],"iteration":526,"passed_time":1.063348377,"remaining_time":0.954390479},
{"learn":[0.02037676717],"iteration":527,"passed_time":1.065222477,"remaining_time":0.9522443358},
{"learn":[0.02037674106],"iteration":528,"passed_time":1.067342491,"remaining_time":0.9503181723},
{"learn":[0.02037662604],"iteration":529,"passed_time":1.069455254,"remaining_time":0.9483848481},
{"learn":[0.02037662604],"iteration":530,"passed_time":1.07137627,"remaining_time":0.9462814893},
{"learn":[0.02037666679],"iteration":531,"passed_time":1.073502742,"remaining_time":0.944359555},
{"learn":[0.02037663785],"iteration":532,"passed_time":1.075460466,"remaining_time":0.9422890011},
{"learn":[0.02037657],"iteration":533,"passed_time":1.077403065,"remaining_time":0.940205671},
{"learn":[0.02037647474],"iteration":534,"passed_time":1.079477121,"remaining_time":0.9382371237},
{"learn":[0.02037646737],"iteration":535,"passed_time":1.081337471,"remaining_time":0.9360831838},
{"learn":[0.02037618705],"iteration":536,"passed_time":1.083360444,"remaining_time":0.9340705505},
{"learn":[0.02037610177],"iteration":537,"passed_time":1.085459874,"remaining_time":0.9321235353},
{"learn":[0.02037598763],"iteration":538,"passed_time":1.087396807,"remaining_time":0.9300369722},
{"learn":[0.02037594391],"iteration":539,"passed_time":1.08925999,"remaining_time":0.92788814},
{"learn":[0.02037590144],"iteration":540,"passed_time":1.091115549,"remaining_time":0.9257338947},
{"learn":[0.02037571743],"iteration":541,"passed_time":1.09307069,"remaining_time":0.9236649002},
{"learn":[0.02037566199],"iteration":542,"passed_time":1.095177953,"remaining_time":0.9217243548},
{"learn":[0.02037564673],"iteration":543,"passed_time":1.097140135,"remaining_time":0.9196615842},
{"learn":[0.02037555311],"iteration":544,"passed_time":1.099023402,"remaining_time":0.917533299},
{"learn":[0.02037549243],"iteration":545,"passed_time":1.100973168,"remaining_time":0.9154612054},
{"learn":[0.02037543376],"iteration":546,"passed_time":1.102986224,"remaining_time":0.9134419737},
{"learn":[0.02037522675],"iteration":547,"passed_time":1.104946282,"remaining_time":0.9113790497},
{"learn":[0.02037483059],"iteration":548,"passed_time":1.106990546,"remaining_time":0.9093856762},
{"learn":[0.02037478444],"iteration":549,"passed_time":1.109021644,"remaining_time":0.907381345},
{"learn":[0.02037478444],"iteration":550,"passed_time":1.111063617,"remaining_time":0.9053857784},
{"learn":[0.02037474566],"iteration":551,"passed_time":1.112895676,"remaining_time":0.9032196788},
{"learn":[0.02037400298],"iteration":552,"passed_time":1.114734318,"remaining_time":0.9010601086},
{"learn":[0.02037400904],"iteration":553,"passed_time":1.11668225,"remaining_time":0.8989896816},
{"learn":[0.0203739762],"iteration":554,"passed_time":1.118694807,"remaining_time":0.8969715117},
{"learn":[0.02037391938],"iteration":555,"passed_time":1.120570823,"remaining_time":0.8948443266},
{"learn":[0.02037385167],"iteration":556,"passed_time":1.122648504,"remaining_time":0.8928784332},
{"learn":[0.02037381202],"iteration":557,"passed_time":1.124480188,"remaining_time":0.8907172815},
{"learn":[0.02037379311],"iteration":558,"passed_time":1.126408787,"remaining_time":0.888633766},
{"learn":[0.02037371166],"iteration":559,"passed_time":1.128400302,"remaining_time":0.8866002376},
{"learn":[0.02037367907],"iteration":560,"passed_time":1.130537399,"remaining_time":0.884680781},
{"learn":[0.02037352254],"iteration":561,"passed_time":1.132401832,"remaining_time":0.8825480474},
{"learn":[0.02037321935],"iteration":562,"passed_time":1.134289099,"remaining_time":0.8804339898},
{"learn":[0.02037318436],"iteration":563,"passed_time":1.136188699,"remaining_time":0.8783302706},
{"learn":[0.0203731402],"iteration":564,"passed_time":1.138127506,"remaining_time":0.8762574605},
{"learn":[0.0203591082],"iteration":565,"passed_time":1.140167437,"remaining_time":0.874262664},
{"learn":[0.02035900459],"iteration":566,"passed_time":1.142030746,"remaining_time":0.8721328271},
{"learn":[0.02035864493],"iteration":567,"passed_time":1.144117801,"remaining_time":0.8701741025},
{"learn":[0.02035853075],"iteration":568,"passed_time":1.146017984,"remaining_time":0.8680733766},
{"learn":[0.02035841291],"iteration":569,"passed_time":1.147851252,"remaining_time":0.8659228741},
{"learn":[0.0203583828],"iteration":570,"passed_time":1.149765809,"remaining_time":0.8638345574},
{"learn":[0.02035841419],"iteration":571,"passed_time":1.151791908,"remaining_time":0.8618303084},
{"learn":[0.02035836683],"iteration":572,"passed_time":1.153667716,"remaining_time":0.8597139872},
{"learn":[0.02035777574],"iteration":573,"passed_time":1.155584732,"remaining_time":0.8576290868},
{"learn":[0.02035765665],"iteration":574,"passed_time":1.157783328,"remaining_time":0.8557528944},
{"learn":[0.0203576001],"iteration":575,"passed_time":1.159805384,"remaining_time":0.85374563},
{"learn":[0.0203566407],"iteration":576,"passed_time":1.162101229,"remaining_time":0.8519390289},
{"learn":[0.02035638063],"iteration":577,"passed_time":1.164032661,"remaining_time":0.8498646765},
{"learn":[0.02035638063],"iteration":578,"passed_time":1.166021718,"remaining_time":0.8478327172},
{"learn":[0.02035638063],"iteration":579,"passed_time":1.168126482,"remaining_time":0.8458846936},
{"learn":[0.02035638063],"iteration":580,"passed_time":1.170373035,"remaining_time":0.844038385},
{"learn":[0.02035638063],"iteration":581,"passed_time":1.172276926,"remaining_time":0.8419445966},
{"learn":[0.02035638063],"iteration":582,"passed_time":1.174081986,"remaining_time":0.8397807684},
{"learn":[0.02035638063],"iteration":583,"passed_time":1.176705867,"remaining_time":0.8382014397},
{"learn":[0.02035638063],"iteration":584,"passed_time":1.178491594,"remaining_time":0.836023951},
{"learn":[0.02035638063],"iteration":585,"passed_time":1.180296069,"remaining_time":0.8338610457},
{"learn":[0.02035621224],"iteration":586,"passed_time":1.182181544,"remaining_time":0.8317563506},
{"learn":[0.0203561213],"iteration":587,"passed_time":1.184318558,"remaining_time":0.8298286492},
{"learn":[0.02035605694],"iteration":588,"passed_time":1.186150325,"remaining_time":0.8276872385},
{"learn":[0.02035602471],"iteration":589,"passed_time":1.188179298,"remaining_time":0.8256839188},
{"learn":[0.02035565845],"iteration":590,"passed_time":1.190045481,"remaining_time":0.8235678542},
{"learn":[0.02035567433],"iteration":591,"passed_time":1.191993747,"remaining_time":0.821509204},
{"learn":[0.02035566821],"iteration":592,"passed_time":1.194051595,"remaining_time":0.8195261366},
{"learn":[0.02035529803],"iteration":593,"passed_time":1.196111859,"remaining_time":0.8175444691},
{"learn":[0.02035531519],"iteration":594,"passed_time":1.198116665,"remaining_time":0.8155247891},
{"learn":[0.02035531519],"iteration":595,"passed_time":1.199982641,"remaining_time":0.8134110517},
{"learn":[0.02035527902],"iteration":596,"passed_time":1.201978406,"remaining_time":0.8113857579},
{"learn":[0.02035527575],"iteration":597,"passed_time":1.203803965,"remaining_time":0.8092461435},
{"learn":[0.02035529434],"iteration":598,"passed_time":1.205627815,"remaining_time":0.807106434},
{"learn":[0.02035525525],"iteration":599,"passed_time":1.207472832,"remaining_time":0.8049818883},
{"learn":[0.02035511127],"iteration":600,"passed_time":1.209309516,"remaining_time":0.8028527405},
{"learn":[0.0203552129],"iteration":601,"passed_time":1.211392614,"remaining_time":0.8008874754},
{"learn":[0.0203547319],"iteration":602,"passed_time":1.213252339,"remaining_time":0.7987747571},
{"learn":[0.02035477745],"iteration":603,"passed_time":1.215238812,"remaining_time":0.7967459763},
{"learn":[0.02035472845],"iteration":604,"passed_time":1.217234369,"remaining_time":0.7947232658},
{"learn":[0.02035470443],"iteration":605,"passed_time":1.21906522,"remaining_time":0.7925935587},
{"learn":[0.02035466248],"iteration":606,"passed_time":1.22089482,"remaining_time":0.790464027},
{"learn":[0.02035464317],"iteration":607,"passed_time":1.222952751,"remaining_time":0.7884826949},
{"learn":[0.02035460053],"iteration":608,"passed_time":1.225583758,"remaining_time":0.7868690465},
{"learn":[0.02035450159],"iteration":609,"passed_time":1.227419525,"remaining_time":0.7847436308},
{"learn":[0.02035450159],"iteration":610,"passed_time":1.230780355,"remaining_time":0.7835901117},
{"learn":[0.02035444363],"iteration":611,"passed_time":1.232774995,"remaining_time":0.7815632324},
{"learn":[0.02035440015],"iteration":612,"passed_time":1.23465347,"remaining_time":0.7794631208},
{"learn":[0.02035431671],"iteration":613,"passed_time":1.236601653,"remaining_time":0.7774075537},
{"learn":[0.02035431535],"iteration":614,"passed_time":1.238450795,"remaining_time":0.775290335},
{"learn":[0.02035431535],"iteration":615,"passed_time":1.24043981,"remaining_time":0.7732611803},
{"learn":[0.02035406921],"iteration":616,"passed_time":1.242209495,"remaining_time":0.7710960073},
{"learn":[0.02035400764],"iteration":617,"passed_time":1.24458688,"remaining_time":0.7693077477},
{"learn":[0.02035395803],"iteration":618,"passed_time":1.246693143,"remaining_time":0.767350707},
{"learn":[0.02035395803],"iteration":619,"passed_time":1.248497244,"remaining_time":0.7652079885},
{"learn":[0.0203538778],"iteration":620,"passed_time":1.250707215,"remaining_time":0.7633140651},
{"learn":[0.0203538778],"iteration":621,"passed_time":1.252712855,"remaining_time":0.7612949504},
{"learn":[0.02035378927],"iteration":622,"passed_time":1.254739328,"remaining_time":0.7592884857},
{"learn":[0.02035374927],"iteration":623,"passed_time":1.256739843,"remaining_time":0.7572663156},
{"learn":[0.02035364039],"iteration":624,"passed_time":1.258870939,"remaining_time":0.7553225637},
{"learn":[0.02035364039],"iteration":625,"passed_time":1.260918121,"remaining_time":0.7533280784},
{"learn":[0.02035362058],"iteration":626,"passed_time":1.26299001,"remaining_time":0.7513481237},
{"learn":[0.02035362058],"iteration":627,"passed_time":1.264808944,"remaining_time":0.7492180367},
{"learn":[0.02035352483],"iteration":628,"passed_time":1.266646294,"remaining_time":0.7470998015},
{"learn":[0.02035344266],"iteration":629,"passed_time":1.268529519,"remaining_time":0.7450094001},
{"learn":[0.02035340625],"iteration":630,"passed_time":1.270524576,"remaining_time":0.7429850531},
{"learn":[0.02035328052],"iteration":631,"passed_time":1.272529049,"remaining_time":0.7409662818},
{"learn":[0.02035328052],"iteration":632,"passed_time":1.274465732,"remaining_time":0.7389082521},
{"learn":[0.02035328052],"iteration":633,"passed_time":1.276331624,"remaining_time":0.7368097385},
{"learn":[0.02035250044],"iteration":634,"passed_time":1.278186474,"remaining_time":0.734705611},
{"learn":[0.0203524851],"iteration":635,"passed_time":1.280116531,"remaining_time":0.7326453105},
{"learn":[0.02035233195],"iteration":636,"passed_time":1.281980632,"remaining_time":0.7305478325},
{"learn":[0.020352282],"iteration":637,"passed_time":1.283964814,"remaining_time":0.7285192202},
{"learn":[0.0203521892],"iteration":638,"passed_time":1.285811289,"remaining_time":0.7264129504},
{"learn":[0.02035214217],"iteration":639,"passed_time":1.287728513,"remaining_time":0.7243472888},
{"learn":[0.0203520485],"iteration":640,"passed_time":1.289711529,"remaining_time":0.7223189373},
{"learn":[0.02035203872],"iteration":641,"passed_time":1.291725502,"remaining_time":0.7203079901},
{"learn":[0.02035194971],"iteration":642,"passed_time":1.293707059,"remaining_time":0.7182790357},
{"learn":[0.0203519278],"iteration":643,"passed_time":1.295703782,"remaining_time":0.7162586125},
{"learn":[0.02035174954],"iteration":644,"passed_time":1.297940044,"remaining_time":0.7143701018},
{"learn":[0.02035152833],"iteration":645,"passed_time":1.299886768,"remaining_time":0.7123218513},
{"learn":[0.02035149687],"iteration":646,"passed_time":1.301805951,"remaining_time":0.7102588882},
{"learn":[0.02035124318],"iteration":647,"passed_time":1.303682968,"remaining_time":0.7081734639},
{"learn":[0.02035122209],"iteration":648,"passed_time":1.305561484,"remaining_time":0.706089493},
{"learn":[0.02035117038],"iteration":649,"passed_time":1.307414626,"remaining_time":0.703992491},
{"learn":[0.0203511659],"iteration":650,"passed_time":1.309348184,"remaining_time":0.7019393489},
{"learn":[0.02035108921],"iteration":651,"passed_time":1.311255367,"remaining_time":0.6998724963},
{"learn":[0.02035110083],"iteration":652,"passed_time":1.3131698,"remaining_time":0.6978099854},
{"learn":[0.02035108175],"iteration":653,"passed_time":1.315184898,"remaining_time":0.6958011844},
{"learn":[0.02035099361],"iteration":654,"passed_time":1.317128163,"remaining_time":0.6937545288},
{"learn":[0.02035090277],"iteration":655,"passed_time":1.318969139,"remaining_time":0.6916545485},
{"learn":[0.02035093156],"iteration":656,"passed_time":1.320835364,"remaining_time":0.6895685386},
{"learn":[0.02035079328],"iteration":657,"passed_time":1.322735797,"remaining_time":0.6875009766},
{"learn":[0.02035073936],"iteration":658,"passed_time":1.324549981,"remaining_time":0.6853892923},
{"learn":[0.02035062846],"iteration":659,"passed_time":1.326438164,"remaining_time":0.6833166302},
{"learn":[0.02035062383],"iteration":660,"passed_time":1.32837818,"remaining_time":0.6812711091},
{"learn":[0.02035059579],"iteration":661,"passed_time":1.330440861,"remaining_time":0.6792885363},
{"learn":[0.02035023943],"iteration":662,"passed_time":1.33251175,"remaining_time":0.6773098942},
{"learn":[0.02035008446],"iteration":663,"passed_time":1.33431156,"remaining_time":0.6751938012},
{"learn":[0.02035006448],"iteration":664,"passed_time":1.336320408,"remaining_time":0.6731839648},
{"learn":[0.02034986802],"iteration":665,"passed_time":1.338204174,"remaining_time":0.6711114028},
{"learn":[0.0203497897],"iteration":666,"passed_time":1.339976276,"remaining_time":0.6689836579},
{"learn":[0.02034981882],"iteration":667,"passed_time":1.342033957,"remaining_time":0.6669989126},
{"learn":[0.02034949741],"iteration":668,"passed_time":1.344082346,"remaining_time":0.6650093521},
{"learn":[0.02034939861],"iteration":669,"passed_time":1.345991487,"remaining_time":0.6629510311},
{"learn":[0.02034938258],"iteration":670,"passed_time":1.347880795,"remaining_time":0.6608834303},
{"learn":[0.02034928928],"iteration":671,"passed_time":1.349863019,"remaining_time":0.6588617117},
{"learn":[0.02034934149],"iteration":672,"passed_time":1.351785452,"remaining_time":0.6568110591},
{"learn":[0.02034917274],"iteration":673,"passed_time":1.35401163,"remaining_time":0.6549077026},
{"learn":[0.02034908583],"iteration":674,"passed_time":1.355861481,"remaining_time":0.6528221945},
{"learn":[0.02034907294],"iteration":675,"passed_time":1.357927245,"remaining_time":0.6508408689},
{"learn":[0.02034896796],"iteration":676,"passed_time":1.359979718,"remaining_time":0.6488529524},
{"learn":[0.02034854489],"iteration":677,"passed_time":1.361963566,"remaining_time":0.6468322542},
{"learn":[0.02034842346],"iteration":678,"passed_time":1.363752334,"remaining_time":0.6447194392},
{"learn":[0.02034838009],"iteration":679,"passed_time":1.365622851,"remaining_time":0.6426460474},
{"learn":[0.02034837953],"iteration":680,"passed_time":1.367633366,"remaining_time":0.6406388306},
{"learn":[0.02034840782],"iteration":681,"passed_time":1.369531674,"remaining_time":0.6385792848},
{"learn":[0.02034827226],"iteration":682,"passed_time":1.371349733,"remaining_time":0.6364829653},
{"learn":[0.0203482639],"iteration":683,"passed_time":1.373207666,"remaining_time":0.634405881},
{"learn":[0.02034824709],"iteration":684,"passed_time":1.375235139,"remaining_time":0.6324073999},
{"learn":[0.02034813943],"iteration":685,"passed_time":1.377017782,"remaining_time":0.6302967692},
{"learn":[0.02034813443],"iteration":686,"passed_time":1.378848425,"remaining_time":0.628208962},
{"learn":[0.02034799326],"iteration":687,"passed_time":1.381129728,"remaining_time":0.6263262718},
{"learn":[0.02034773474],"iteration":688,"passed_time":1.383130868,"remaining_time":0.6243159649},
{"learn":[0.02034771428],"iteration":689,"passed_time":1.385086717,"remaining_time":0.6222853364},
{"learn":[0.02034761314],"iteration":690,"passed_time":1.38694815,"remaining_time":0.6202127039},
{"learn":[0.02034753499],"iteration":691,"passed_time":1.388814375,"remaining_time":0.6181428144},
{"learn":[0.02034749644],"iteration":692,"passed_time":1.390686309,"remaining_time":0.6160760415},
{"learn":[0.02034748267],"iteration":693,"passed_time":1.392650657,"remaining_time":0.6140505781},
{"learn":[0.02034730056],"iteration":694,"passed_time":1.394765046,"remaining_time":0.6120911353},
{"learn":[0.02034731446],"iteration":695,"passed_time":1.396691687,"remaining_time":0.6100492426},
{"learn":[0.02034728567],"iteration":696,"passed_time":1.398876533,"remaining_time":0.6081199275},
{"learn":[0.02034720131],"iteration":697,"passed_time":1.400781674,"remaining_time":0.6060688619},
{"learn":[0.02034719258],"iteration":698,"passed_time":1.40293727,"remaining_time":0.6041260635},
{"learn":[0.02034708992],"iteration":699,"passed_time":1.405219073,"remaining_time":0.6022367457},
{"learn":[0.02034709536],"iteration":700,"passed_time":1.40722363,"remaining_time":0.6002280533},
{"learn":[0.02034703372],"iteration":701,"passed_time":1.409228603,"remaining_time":0.5982195496},
{"learn":[0.0203469489],"iteration":702,"passed_time":1.411326409,"remaining_time":0.5962502751},
{"learn":[0.02034698371],"iteration":703,"passed_time":1.413546087,"remaining_time":0.5943318777},
{"learn":[0.02034692543],"iteration":704,"passed_time":1.415472353,"remaining_time":0.59228985},
{"learn":[0.02034697705],"iteration":705,"passed_time":1.417463285,"remaining_time":0.5902750791},
{"learn":[0.02034694959],"iteration":706,"passed_time":1.419547716,"remaining_time":0.5882991241},
{"learn":[0.02034681997],"iteration":707,"passed_time":1.421609147,"remaining_time":0.5863133769},
{"learn":[0.02034683356],"iteration":708,"passed_time":1.423496038,"remaining_time":0.5842557787},
{"learn":[0.02034679091],"iteration":709,"passed_time":1.425589385,"remaining_time":0.5822829884},
{"learn":[0.0203466535],"iteration":710,"passed_time":1.427472444,"remaining_time":0.5802243829},
{"learn":[0.02034655402],"iteration":711,"passed_time":1.429403543,"remaining_time":0.5781857027},
{"learn":[0.02034647057],"iteration":712,"passed_time":1.431438932,"remaining_time":0.5761893038},
{"learn":[0.02034601095],"iteration":713,"passed_time":1.433447322,"remaining_time":0.5741819807},
{"learn":[0.02034574588],"iteration":714,"passed_time":1.435310589,"remaining_time":0.5721168083},
{"learn":[0.02034576146],"iteration":715,"passed_time":1.437266938,"remaining_time":0.5700891207},
{"learn":[0.02034552843],"iteration":716,"passed_time":1.43938541,"remaining_time":0.5681256221},
{"learn":[0.02034547848],"iteration":717,"passed_time":1.441278176,"remaining_time":0.5660730442},
{"learn":[0.0203133772],"iteration":718,"passed_time":1.443201734,"remaining_time":0.5640329448},
{"learn":[0.02031335492],"iteration":719,"passed_time":1.445157,"remaining_time":0.5620054999},
{"learn":[0.02031313432],"iteration":720,"passed_time":1.447237055,"remaining_time":0.5600265443},
{"learn":[0.02031310168],"iteration":721,"passed_time":1.449084697,"remaining_time":0.5579578198},
{"learn":[0.02031310518],"iteration":722,"passed_time":1.450974839,"remaining_time":0.5559059895},
{"learn":[0.02031301347],"iteration":723,"passed_time":1.453105019,"remaining_time":0.5539461122},
{"learn":[0.02031293067],"iteration":724,"passed_time":1.455084951,"remaining_time":0.5519287744},
{"learn":[0.02031283667],"iteration":725,"passed_time":1.4570248,"remaining_time":0.5498964121},
{"learn":[0.02031274781],"iteration":726,"passed_time":1.459082064,"remaining_time":0.5479083955},
{"learn":[0.02031274781],"iteration":727,"passed_time":1.461062871,"remaining_time":0.5458916222},
{"learn":[0.02031265789],"iteration":728,"passed_time":1.462964929,"remaining_time":0.5438456733},
{"learn":[0.02031258774],"iteration":729,"passed_time":1.464859571,"remaining_time":0.5417973754},
{"learn":[0.02031235045],"iteration":730,"passed_time":1.466718088,"remaining_time":0.5397362046},
{"learn":[0.02031238614],"iteration":731,"passed_time":1.468618062,"remaining_time":0.5376907659},
{"learn":[0.02031216411],"iteration":732,"passed_time":1.470395205,"remaining_time":0.535600982},
{"learn":[0.02031209367],"iteration":733,"passed_time":1.472336971,"remaining_time":0.5335717088},
{"learn":[0.02031203605],"iteration":734,"passed_time":1.474257904,"remaining_time":0.5315351626},
{"learn":[0.02031196666],"iteration":735,"passed_time":1.476124421,"remaining_time":0.5294794117},
{"learn":[0.02031196262],"iteration":736,"passed_time":1.478107686,"remaining_time":0.5274658363},
{"learn":[0.02031179706],"iteration":737,"passed_time":1.480197991,"remaining_time":0.5254903438},
{"learn":[0.02031171216],"iteration":738,"passed_time":1.481992259,"remaining_time":0.5234099859},
{"learn":[0.02031173742],"iteration":739,"passed_time":1.483828276,"remaining_time":0.52134507},
{"learn":[0.0203116005],"iteration":740,"passed_time":1.485780625,"remaining_time":0.5193214331},
{"learn":[0.02031158622],"iteration":741,"passed_time":1.487663267,"remaining_time":0.5172737505},
{"learn":[0.02031152056],"iteration":742,"passed_time":1.489477034,"remaining_time":0.5152026889},
{"learn":[0.02031143871],"iteration":743,"passed_time":1.491365801,"remaining_time":0.513158125},
{"learn":[0.02031140437],"iteration":744,"passed_time":1.49321836,"remaining_time":0.5111015861},
{"learn":[0.02031144768],"iteration":745,"passed_time":1.495283957,"remaining_time":0.5091181301},
{"learn":[0.02031044927],"iteration":746,"passed_time":1.497349138,"remaining_time":0.5071343131},
{"learn":[0.02031031194],"iteration":747,"passed_time":1.499286779,"remaining_time":0.5051073105},
{"learn":[0.02031017744],"iteration":748,"passed_time":1.50117417,"remaining_time":0.5030637072},
{"learn":[0.02030894983],"iteration":749,"passed_time":1.503169019,"remaining_time":0.5010563395},
{"learn":[0.02030894983],"iteration":750,"passed_time":1.505041327,"remaining_time":0.4990083761},
{"learn":[0.02030881643],"iteration":751,"passed_time":1.506836053,"remaining_time":0.4969352941},
{"learn":[0.0203087784],"iteration":752,"passed_time":1.508683695,"remaining_time":0.494880309},
{"learn":[0.02030851789],"iteration":753,"passed_time":1.510461005,"remaining_time":0.4928029273},
{"learn":[0.02030834261],"iteration":754,"passed_time":1.512418395,"remaining_time":0.4907847773},
{"learn":[0.0203083229],"iteration":755,"passed_time":1.514295454,"remaining_time":0.4887408607},
{"learn":[0.02030829765],"iteration":756,"passed_time":1.516191762,"remaining_time":0.4867035642},
{"learn":[0.02030816536],"iteration":757,"passed_time":1.518150236,"remaining_time":0.4846864869},
{"learn":[0.02030801379],"iteration":758,"passed_time":1.51998042,"remaining_time":0.4826288289},
{"learn":[0.0203078687],"iteration":759,"passed_time":1.521785437,"remaining_time":0.4805638223},
{"learn":[0.02030797598],"iteration":760,"passed_time":1.524377444,"remaining_time":0.4787466613},
{"learn":[0.02030786258],"iteration":761,"passed_time":1.526502916,"remaining_time":0.4767817507},
{"learn":[0.02030789858],"iteration":762,"passed_time":1.528613263,"remaining_time":0.4748117213},
{"learn":[0.02030778036],"iteration":763,"passed_time":1.530831858,"remaining_time":0.4728747626},
{"learn":[0.02030765306],"iteration":764,"passed_time":1.532749041,"remaining_time":0.4708444767},
{"learn":[0.02030763603],"iteration":765,"passed_time":1.534724348,"remaining_time":0.4688322422},
{"learn":[0.02030737472],"iteration":766,"passed_time":1.536569115,"remaining_time":0.4667804484},
{"learn":[0.02030738021],"iteration":767,"passed_time":1.538423841,"remaining_time":0.4647322019},
{"learn":[0.02030722214],"iteration":768,"passed_time":1.540397689,"remaining_time":0.4627202422},
{"learn":[0.02030709572],"iteration":769,"passed_time":1.542272706,"remaining_time":0.4606788603},
{"learn":[0.02030706908],"iteration":770,"passed_time":1.544397636,"remaining_time":0.4587121384},
{"learn":[0.02030687433],"iteration":771,"passed_time":1.546343652,"remaining_time":0.4566921666},
{"learn":[0.02030685982],"iteration":772,"passed_time":1.548141003,"remaining_time":0.4546287292},
{"learn":[0.02030670148],"iteration":773,"passed_time":1.550073102,"remaining_time":0.4526053244},
{"learn":[0.02030660606],"iteration":774,"passed_time":1.552056534,"remaining_time":0.4505970583},
{"learn":[0.02030649304],"iteration":775,"passed_time":1.554008091,"remaining_time":0.4485796553},
{"learn":[0.02030657861],"iteration":776,"passed_time":1.5558534,"remaining_time":0.4465319282},
{"learn":[0.02030633557],"iteration":777,"passed_time":1.557711375,"remaining_time":0.4444883359},
{"learn":[0.02030633557],"iteration":778,"passed_time":1.559540768,"remaining_time":0.4424371113},
{"learn":[0.02030599517],"iteration":779,"passed_time":1.561325244,"remaining_time":0.4403737868},
{"learn":[0.02030599127],"iteration":780,"passed_time":1.563320134,"remaining_time":0.4383701784},
{"learn":[0.02030592579],"iteration":781,"passed_time":1.565091235,"remaining_time":0.4363042063},
{"learn":[0.02030591617],"iteration":782,"passed_time":1.567027793,"remaining_time":0.4342848417},
{"learn":[0.02030488243],"iteration":783,"passed_time":1.56887781,"remaining_time":0.4322418456},
{"learn":[0.02030451121],"iteration":784,"passed_time":1.57072916,"remaining_time":0.4301997063},
{"learn":[0.02030449791],"iteration":785,"passed_time":1.572591677,"remaining_time":0.4281610928},
{"learn":[0.02030438629],"iteration":786,"passed_time":1.574418153,"remaining_time":0.4261131723},
{"learn":[0.02030419522],"iteration":787,"passed_time":1.576264087,"remaining_time":0.4240710487},
{"learn":[0.02030420419],"iteration":788,"passed_time":1.578197436,"remaining_time":0.4220527997},
{"learn":[0.02030413399],"iteration":789,"passed_time":1.580178326,"remaining_time":0.4200474032},
{"learn":[0.02030409217],"iteration":790,"passed_time":1.58201401,"remaining_time":0.4180037018},
{"learn":[0.02030401127],"iteration":791,"passed_time":1.583923568,"remaining_time":0.4159799269},
{"learn":[0.02030383974],"iteration":792,"passed_time":1.585891792,"remaining_time":0.413971754},
{"learn":[0.02030381694],"iteration":793,"passed_time":1.588049596,"remaining_time":0.4120128676},
{"learn":[0.02030368339],"iteration":794,"passed_time":1.589949654,"remaining_time":0.4099870178},
{"learn":[0.02030351547],"iteration":795,"passed_time":1.591862004,"remaining_time":0.4079646342},
{"learn":[0.02030325304],"iteration":796,"passed_time":1.593889852,"remaining_time":0.4059719447},
{"learn":[0.02030324869],"iteration":797,"passed_time":1.595755535,"remaining_time":0.403938118},
{"learn":[0.02030318212],"iteration":798,"passed_time":1.597607802,"remaining_time":0.401901337},
{"learn":[0.02030303328],"iteration":799,"passed_time":1.599498152,"remaining_time":0.399874538},
{"learn":[0.0203028553],"iteration":800,"passed_time":1.601511459,"remaining_time":0.3978786271},
{"learn":[0.02030271683],"iteration":801,"passed_time":1.603428058,"remaining_time":0.3958587974},
{"learn":[0.02030266948],"iteration":802,"passed_time":1.605478947,"remaining_time":0.3938721702},
{"learn":[0.02030265191],"iteration":803,"passed_time":1.607369797,"remaining_time":0.3918463685},
{"learn":[0.0203026285],"iteration":804,"passed_time":1.609364021,"remaining_time":0.3898459429},
{"learn":[0.02030258751],"iteration":805,"passed_time":1.611487909,"remaining_time":0.3878767424},
{"learn":[0.02030260563],"iteration":806,"passed_time":1.613463008,"remaining_time":0.3858715744},
{"learn":[0.02030254996],"iteration":807,"passed_time":1.615560063,"remaining_time":0.3838954606},
{"learn":[0.02030249023],"iteration":808,"passed_time":1.61745108,"remaining_time":0.3818704032},
{"learn":[0.02030248341],"iteration":809,"passed_time":1.619308097,"remaining_time":0.3798377017},
{"learn":[0.02030245218],"iteration":810,"passed_time":1.621155572,"remaining_time":0.3778032097},
{"learn":[0.02030237613],"iteration":811,"passed_time":1.623046255,"remaining_time":0.3757791822},
{"learn":[0.02030175697],"iteration":812,"passed_time":1.625013062,"remaining_time":0.3737729922},
{"learn":[0.02030170076],"iteration":813,"passed_time":1.626921204,"remaining_time":0.3717534937},
{"learn":[0.02030169998],"iteration":814,"passed_time":1.629513877,"remaining_time":0.3698896531},
{"learn":[0.02030163155],"iteration":815,"passed_time":1.631575267,"remaining_time":0.3679042268},
{"learn":[0.02030148732],"iteration":816,"passed_time":1.633536865,"remaining_time":0.3658962624},
{"learn":[0.02030134335],"iteration":817,"passed_time":1.63559463,"remaining_time":0.3639098076},
{"learn":[0.02030127513],"iteration":818,"passed_time":1.637666894,"remaining_time":0.3619263831},
{"learn":[0.02030109702],"iteration":819,"passed_time":1.639589826,"remaining_time":0.3599099619},
{"learn":[0.02030104944],"iteration":820,"passed_time":1.641426802,"remaining_time":0.3578750275},
{"learn":[0.02030088823],"iteration":821,"passed_time":1.643331402,"remaining_time":0.3558552184},
{"learn":[0.02030018593],"iteration":822,"passed_time":1.645476081,"remaining_time":0.3538873225},
{"learn":[0.02030018593],"iteration":823,"passed_time":1.647505846,"remaining_time":0.3518944525},
{"learn":[0.02030018593],"iteration":824,"passed_time":1.649495403,"remaining_time":0.3498929642},
{"learn":[0.02029997187],"iteration":825,"passed_time":1.65133142,"remaining_time":0.3478591611},
{"learn":[0.02029998848],"iteration":826,"passed_time":1.653358143,"remaining_time":0.34586573},
{"learn":[0.02029997073],"iteration":827,"passed_time":1.655299117,"remaining_time":0.343854406},
{"learn":[0.02029990038],"iteration":828,"passed_time":1.657144509,"remaining_time":0.3418235357},
{"learn":[0.02029988683],"iteration":829,"passed_time":1.659030151,"remaining_time":0.3398013562},
{"learn":[0.02029990035],"iteration":830,"passed_time":1.660898459,"remaining_time":0.3377759803},
{"learn":[0.02029976045],"iteration":831,"passed_time":1.662786392,"remaining_time":0.3357549446},
{"learn":[0.02029970412],"iteration":832,"passed_time":1.664680742,"remaining_time":0.3337355149},
{"learn":[0.02029968512],"iteration":833,"passed_time":1.667097502,"remaining_time":0.331820366},
{"learn":[0.02029961891],"iteration":834,"passed_time":1.668962102,"remaining_time":0.3297949064},
{"learn":[0.02029940838],"iteration":835,"passed_time":1.670901826,"remaining_time":0.3277845687},
{"learn":[0.02029940838],"iteration":836,"passed_time":1.672809009,"remaining_time":0.3257680627},
{"learn":[0.02029940694],"iteration":837,"passed_time":1.674723442,"remaining_time":0.3237532191},
{"learn":[0.02029936709],"iteration":838,"passed_time":1.67660375,"remaining_time":0.3217320665},
{"learn":[0.02029931494],"iteration":839,"passed_time":1.678525183,"remaining_time":0.3197190824},
{"learn":[0.02029922911],"iteration":840,"passed_time":1.680314659,"remaining_time":0.3176813683},
{"learn":[0.02029918401],"iteration":841,"passed_time":1.682257508,"remaining_time":0.3156730241},
{"learn":[0.0202992013],"iteration":842,"passed_time":1.684255231,"remaining_time":0.313675055},
{"learn":[0.02029896332],"iteration":843,"passed_time":1.686079665,"remaining_time":0.3116450567},
{"learn":[0.02029896561],"iteration":844,"passed_time":1.687915558,"remaining_time":0.3096176467},
{"learn":[0.02029892147],"iteration":845,"passed_time":1.689759116,"remaining_time":0.307592085},
{"learn":[0.02029888316],"iteration":846,"passed_time":1.691704632,"remaining_time":0.3055853704},
{"learn":[0.02029876437],"iteration":847,"passed_time":1.693571441,"remaining_time":0.3035646922},
{"learn":[0.02029873869],"iteration":848,"passed_time":1.695403958,"remaining_time":0.3015382776},
{"learn":[0.02029845381],"iteration":849,"passed_time":1.697283391,"remaining_time":0.2995205985},
{"learn":[0.0202984152],"iteration":850,"passed_time":1.699085076,"remaining_time":0.2974896313},
{"learn":[0.02029834173],"iteration":851,"passed_time":1.700922843,"remaining_time":0.2954654703},
{"learn":[0.02029825257],"iteration":852,"passed_time":1.702738527,"remaining_time":0.2934379407},
{"learn":[0.02029805146],"iteration":853,"passed_time":1.704558753,"remaining_time":0.2914116837},
{"learn":[0.02029786107],"iteration":854,"passed_time":1.70638677,"remaining_time":0.28938723},
{"learn":[0.02029781834],"iteration":855,"passed_time":1.708201537,"remaining_time":0.2873610063},
{"learn":[0.0202978497],"iteration":856,"passed_time":1.710077637,"remaining_time":0.2853455101},
{"learn":[0.02029761739],"iteration":857,"passed_time":1.712117694,"remaining_time":0.2833574738},
{"learn":[0.02029748053],"iteration":858,"passed_time":1.714101459,"remaining_time":0.2813600765},
{"learn":[0.02029693763],"iteration":859,"passed_time":1.716065683,"remaining_time":0.2793595297},
{"learn":[0.02029666042],"iteration":860,"passed_time":1.718061198,"remaining_time":0.277364119},
{"learn":[0.02029635094],"iteration":861,"passed_time":1.719922965,"remaining_time":0.275347296},
{"learn":[0.02029620441],"iteration":862,"passed_time":1.721833314,"remaining_time":0.2733385447},
{"learn":[0.02029621605],"iteration":863,"passed_time":1.723710248,"remaining_time":0.2713247612},
{"learn":[0.02029610137],"iteration":864,"passed_time":1.725871177,"remaining_time":0.2693556172},
{"learn":[0.02029609368],"iteration":865,"passed_time":1.727803735,"remaining_time":0.2673506934},
{"learn":[0.02029599287],"iteration":866,"passed_time":1.729751834,"remaining_time":0.2653483205},
{"learn":[0.02029588854],"iteration":867,"passed_time":1.731675725,"remaining_time":0.2633423913},
{"learn":[0.02029584784],"iteration":868,"passed_time":1.733582033,"remaining_time":0.2613340003},
{"learn":[0.02029584411],"iteration":869,"passed_time":1.735615339,"remaining_time":0.2593448208},
{"learn":[0.02029580036],"iteration":870,"passed_time":1.737460814,"remaining_time":0.2573277211},
{"learn":[0.0202957852],"iteration":871,"passed_time":1.739274165,"remaining_time":0.2553062995},
{"learn":[0.02029573405],"iteration":872,"passed_time":1.741116307,"remaining_time":0.253289543},
{"learn":[0.02029569997],"iteration":873,"passed_time":1.743008824,"remaining_time":0.2512804483},
{"learn":[0.02029571429],"iteration":874,"passed_time":1.74495059,"remaining_time":0.2492786557},
{"learn":[0.02029563127],"iteration":875,"passed_time":1.746860773,"remaining_time":0.2472725294},
{"learn":[0.02029553789],"iteration":876,"passed_time":1.748774955,"remaining_time":0.245267183},
{"learn":[0.0202954514],"iteration":877,"passed_time":1.750791095,"remaining_time":0.2432762114},
{"learn":[0.02029537687],"iteration":878,"passed_time":1.752872734,"remaining_time":0.2412941989},
{"learn":[0.02029533789],"iteration":879,"passed_time":1.7548375,"remaining_time":0.2392960227},
{"learn":[0.02029530442],"iteration":880,"passed_time":1.756712558,"remaining_time":0.2372858052},
{"learn":[0.02029520138],"iteration":881,"passed_time":1.758560283,"remaining_time":0.2352722375},
{"learn":[0.02029502621],"iteration":882,"passed_time":1.760387926,"remaining_time":0.2332563843},
{"learn":[0.02029478334],"iteration":883,"passed_time":1.76233815,"remaining_time":0.2312570423},
{"learn":[0.02029472941],"iteration":884,"passed_time":1.764275582,"remaining_time":0.2292561491},
{"learn":[0.02029465387],"iteration":885,"passed_time":1.766397971,"remaining_time":0.2272791971},
{"learn":[0.02029453895],"iteration":886,"passed_time":1.768318445,"remaining_time":0.2252761942},
{"learn":[0.02029451419],"iteration":887,"passed_time":1.770141379,"remaining_time":0.2232610748},
{"learn":[0.02029445881],"iteration":888,"passed_time":1.772024646,"remaining_time":0.2212539209},
{"learn":[0.02029449191],"iteration":889,"passed_time":1.773858705,"remaining_time":0.2192409635},
{"learn":[0.02029439261],"iteration":890,"passed_time":1.775897136,"remaining_time":0.2172534094},
{"learn":[0.02029440076],"iteration":891,"passed_time":1.777842402,"remaining_time":0.2152544612},
{"learn":[0.02029432608],"iteration":892,"passed_time":1.779772251,"remaining_time":0.2132537859},
{"learn":[0.0202943917],"iteration":893,"passed_time":1.781658267,"remaining_time":0.211248072},
{"learn":[0.02029431585],"iteration":894,"passed_time":1.783612575,"remaining_time":0.2092506372},
{"learn":[0.02029425597],"iteration":895,"passed_time":1.785546924,"remaining_time":0.2072509822},
{"learn":[0.02029412907],"iteration":896,"passed_time":1.787506106,"remaining_time":0.2052543243},
{"learn":[0.02029401177],"iteration":897,"passed_time":1.789492705,"remaining_time":0.203260864},
{"learn":[0.02029398206],"iteration":898,"passed_time":1.791341638,"remaining_time":0.2012519527},
{"learn":[0.02029386465],"iteration":899,"passed_time":1.793522943,"remaining_time":0.199280327},
{"learn":[0.02029377065],"iteration":900,"passed_time":1.795457584,"remaining_time":0.1972811329},
{"learn":[0.02029372251],"iteration":901,"passed_time":1.797407141,"remaining_time":0.1952837027},
{"learn":[0.02029354487],"iteration":902,"passed_time":1.799414031,"remaining_time":0.1932925371},
{"learn":[0.02029330629],"iteration":903,"passed_time":1.801209674,"remaining_time":0.1912789034},
{"learn":[0.02029316039],"iteration":904,"passed_time":1.803072024,"remaining_time":0.1892727539},
{"learn":[0.02029308019],"iteration":905,"passed_time":1.804885458,"remaining_time":0.1872618466},
{"learn":[0.02029302313],"iteration":906,"passed_time":1.806708434,"remaining_time":0.1852523532},
{"learn":[0.02029295723],"iteration":907,"passed_time":1.808676616,"remaining_time":0.1832579831},
{"learn":[0.0202929367],"iteration":908,"passed_time":1.810720505,"remaining_time":0.1812712497},
{"learn":[0.02029287138],"iteration":909,"passed_time":1.812844477,"remaining_time":0.1792923109},
{"learn":[0.02029269315],"iteration":910,"passed_time":1.814831242,"remaining_time":0.1772996493},
{"learn":[0.02029264585],"iteration":911,"passed_time":1.816707759,"remaining_time":0.1752963627},
{"learn":[0.02029261647],"iteration":912,"passed_time":1.818506568,"remaining_time":0.173285949},
{"learn":[0.02029250433],"iteration":913,"passed_time":1.820487167,"remaining_time":0.1712931032},
{"learn":[0.02029226797],"iteration":914,"passed_time":1.822355684,"remaining_time":0.1692898722},
{"learn":[0.02029195911],"iteration":915,"passed_time":1.824578071,"remaining_time":0.1673193864},
{"learn":[0.02029194001],"iteration":916,"passed_time":1.826421879,"remaining_time":0.165314085},
{"learn":[0.02029186063],"iteration":917,"passed_time":1.828315646,"remaining_time":0.163313598},
{"learn":[0.02029174884],"iteration":918,"passed_time":1.830222787,"remaining_time":0.161314522},
{"learn":[0.0202917676],"iteration":919,"passed_time":1.832065721,"remaining_time":0.1593100627},
{"learn":[0.02029169616],"iteration":920,"passed_time":1.833997903,"remaining_time":0.1573136095},
{"learn":[0.02029139891],"iteration":921,"passed_time":1.836407038,"remaining_time":0.1553576453},
{"learn":[0.02029141757],"iteration":922,"passed_time":1.839487622,"remaining_time":0.1534567139},
{"learn":[0.0202913556],"iteration":923,"passed_time":1.842085254,"remaining_time":0.1515135057},
{"learn":[0.02029134662],"iteration":924,"passed_time":1.844270475,"remaining_time":0.1495354439},
{"learn":[0.02029124654],"iteration":925,"passed_time":1.846338322,"remaining_time":0.1475475549},
{"learn":[0.02029087244],"iteration":926,"passed_time":1.848498502,"remaining_time":0.1455667645},
{"learn":[0.02029074032],"iteration":927,"passed_time":1.850731139,"remaining_time":0.1435912091},
{"learn":[0.02029073678],"iteration":928,"passed_time":1.852699904,"remaining_time":0.1415949335},
{"learn":[0.02029072089],"iteration":929,"passed_time":1.854584629,"remaining_time":0.1395923914},
{"learn":[0.0202906578],"iteration":930,"passed_time":1.856463646,"remaining_time":0.1375896794},
{"learn":[0.02029055347],"iteration":931,"passed_time":1.858342538,"remaining_time":0.1355872238},
{"learn":[0.02029049417],"iteration":932,"passed_time":1.860469343,"remaining_time":0.133602836},
{"learn":[0.02029056776],"iteration":933,"passed_time":1.862605981,"remaining_time":0.131618838},
{"learn":[0.02029045797],"iteration":934,"passed_time":1.864495581,"remaining_time":0.1296173398},
{"learn":[0.02029027809],"iteration":935,"passed_time":1.866504845,"remaining_time":0.1276242629},
{"learn":[0.0202902244],"iteration":936,"passed_time":1.868574651,"remaining_time":0.125635222},
{"learn":[0.02028976926],"iteration":937,"passed_time":1.870568833,"remaining_time":0.1236410103},
{"learn":[0.02028944691],"iteration":938,"passed_time":1.872857803,"remaining_time":0.1216659488},
{"learn":[0.02028945902],"iteration":939,"passed_time":1.875034149,"remaining_time":0.1196830308},
{"learn":[0.02028941718],"iteration":940,"passed_time":1.877187453,"remaining_time":0.1176982569},
{"learn":[0.02028928502],"iteration":941,"passed_time":1.879221093,"remaining_time":0.1157057573},
{"learn":[0.02028923951],"iteration":942,"passed_time":1.881184192,"remaining_time":0.1137089066},
{"learn":[0.02028895694],"iteration":943,"passed_time":1.883053958,"remaining_time":0.1117065908},
{"learn":[0.02028895763],"iteration":944,"passed_time":1.885015599,"remaining_time":0.1097099026},
{"learn":[0.0202888208],"iteration":945,"passed_time":1.887055197,"remaining_time":0.1077177385},
{"learn":[0.02028867175],"iteration":946,"passed_time":1.889010129,"remaining_time":0.1057207358},
{"learn":[0.02028857758],"iteration":947,"passed_time":1.890928562,"remaining_time":0.1037218198},
{"learn":[0.02028853977],"iteration":948,"passed_time":1.892961035,"remaining_time":0.1017292021},
{"learn":[0.02028832671],"iteration":949,"passed_time":1.895017882,"remaining_time":0.09973778328},
{"learn":[0.02028832844],"iteration":950,"passed_time":1.896887982,"remaining_time":0.09773660477},
{"learn":[0.02028810858],"iteration":951,"passed_time":1.898715208,"remaining_time":0.0957335399},
{"learn":[0.02028806691],"iteration":952,"passed_time":1.900582808,"remaining_time":0.09373283524},
{"learn":[0.02028800997],"iteration":953,"passed_time":1.902468241,"remaining_time":0.0917332695},
{"learn":[0.02028801665],"iteration":954,"passed_time":1.904411049,"remaining_time":0.08973664628},
{"learn":[0.020287451],"iteration":955,"passed_time":1.906440938,"remaining_time":0.08774414361},
{"learn":[0.02028743973],"iteration":956,"passed_time":1.908414371,"remaining_time":0.08574902605},
{"learn":[0.02028733585],"iteration":957,"passed_time":1.910275262,"remaining_time":0.08374901986},
{"learn":[0.0202871626],"iteration":958,"passed_time":1.912124238,"remaining_time":0.08174879432},
{"learn":[0.02028711388],"iteration":959,"passed_time":1.913976213,"remaining_time":0.07974900888},
{"learn":[0.02028712772],"iteration":960,"passed_time":1.91581648,"remaining_time":0.07774905591},
{"learn":[0.0202870104],"iteration":961,"passed_time":1.917706205,"remaining_time":0.07575138856},
{"learn":[0.02028697523],"iteration":962,"passed_time":1.919547556,"remaining_time":0.07375208677},
{"learn":[0.02028677476],"iteration":963,"passed_time":1.921422239,"remaining_time":0.07175435747},
{"learn":[0.02028679361],"iteration":964,"passed_time":1.923373588,"remaining_time":0.06975966381},
{"learn":[0.02028674471],"iteration":965,"passed_time":1.925232397,"remaining_time":0.06776180278},
{"learn":[0.02028661222],"iteration":966,"passed_time":1.927144538,"remaining_time":0.06576604937},
{"learn":[0.02028619456],"iteration":967,"passed_time":1.929150636,"remaining_time":0.06377357474},
{"learn":[0.02028614206],"iteration":968,"passed_time":1.931279483,"remaining_time":0.06178499893},
{"learn":[0.02028590121],"iteration":969,"passed_time":1.933279789,"remaining_time":0.05979215843},
{"learn":[0.0202857803],"iteration":970,"passed_time":1.935129598,"remaining_time":0.05779480777},
{"learn":[0.02028548436],"iteration":971,"passed_time":1.936992198,"remaining_time":0.05579812917},
{"learn":[0.02028538507],"iteration":972,"passed_time":1.938884381,"remaining_time":0.05380254707},
{"learn":[0.02028513955],"iteration":973,"passed_time":1.941087519,"remaining_time":0.05181547791},
{"learn":[0.02028500679],"iteration":974,"passed_time":1.943072326,"remaining_time":0.04982236732},
{"learn":[0.02028493889],"iteration":975,"passed_time":1.945437836,"remaining_time":0.0478386353},
{"learn":[0.02028432511],"iteration":976,"passed_time":1.947331852,"remaining_time":0.04584302211},
{"learn":[0.0202839979],"iteration":977,"passed_time":1.949729862,"remaining_time":0.04385895395},
{"learn":[0.02028402999],"iteration":978,"passed_time":1.951725877,"remaining_time":0.04186541718},
{"learn":[0.0202840115],"iteration":979,"passed_time":1.953619977,"remaining_time":0.03986979544},
{"learn":[0.02028392871],"iteration":980,"passed_time":1.955464327,"remaining_time":0.03787341714},
{"learn":[0.02028385157],"iteration":981,"passed_time":1.957362094,"remaining_time":0.03587832758},
{"learn":[0.02028374586],"iteration":982,"passed_time":1.959181861,"remaining_time":0.03388208712},
{"learn":[0.02028358146],"iteration":983,"passed_time":1.961074544,"remaining_time":0.03188739096},
{"learn":[0.02028353787],"iteration":984,"passed_time":1.963023351,"remaining_time":0.02989375662},
{"learn":[0.02028356474],"iteration":985,"passed_time":1.964956784,"remaining_time":0.02789999491},
{"learn":[0.02028347411],"iteration":986,"passed_time":1.966842884,"remaining_time":0.02590573201},
{"learn":[0.02028292113],"iteration":987,"passed_time":1.968690984,"remaining_time":0.02391122653},
{"learn":[0.02028279269],"iteration":988,"passed_time":1.970572376,"remaining_time":0.0219173874},
{"learn":[0.02028271389],"iteration":989,"passed_time":1.972508058,"remaining_time":0.01992432382},
{"learn":[0.02028251447],"iteration":990,"passed_time":1.974440199,"remaining_time":0.01793134389},
{"learn":[0.02028243797],"iteration":991,"passed_time":1.976302216,"remaining_time":0.0159379211},
{"learn":[0.02028248341],"iteration":992,"passed_time":1.978325523,"remaining_time":0.01394589996},
{"learn":[0.02028233713],"iteration":993,"passed_time":1.980831406,"remaining_time":0.01195672881},
{"learn":[0.02028213126],"iteration":994,"passed_time":1.983184416,"remaining_time":0.009965750835},
{"learn":[0.02028209013],"iteration":995,"passed_time":1.985236431,"remaining_time":0.007972837071},
{"learn":[0.02028197761],"iteration":996,"passed_time":1.987403652,"remaining_time":0.005980151409},
{"learn":[0.0202819049],"iteration":997,"passed_time":1.98952779,"remaining_time":0.003987029639},
{"learn":[0.02028190501],"iteration":998,"passed_time":1.991581346,"remaining_time":0.001993574921},
{"learn":[0.02028145106],"iteration":999,"passed_time":1.994323893,"remaining_time":0}
]}